[{"model": "admin_interface.theme", "pk": 1, "fields": {"name": "Django", "active": true, "title": "Django administration", "title_color": "#F5DD5D", "title_visible": true, "logo": "", "logo_color": "#FFFFFF", "logo_visible": true, "favicon": "", "env": "development", "env_visible": true, "css_header_background_color": "#0C4B33", "css_header_text_color": "#44B78B", "css_header_link_color": "#FFFFFF", "css_header_link_hover_color": "#C9F0DD", "css_module_background_color": "#44B78B", "css_module_text_color": "#FFFFFF", "css_module_link_color": "#FFFFFF", "css_module_link_hover_color": "#C9F0DD", "css_module_rounded_corners": true, "css_generic_link_color": "#0C3C26", "css_generic_link_hover_color": "#156641", "css_save_button_background_color": "#0C4B33", "css_save_button_background_hover_color": "#0C3C26", "css_save_button_text_color": "#FFFFFF", "css_delete_button_background_color": "#BA2121", "css_delete_button_background_hover_color": "#A41515", "css_delete_button_text_color": "#FFFFFF", "css": "", "related_modal_active": true, "related_modal_background_color": "#000000", "related_modal_background_opacity": "0.3", "related_modal_rounded_corners": true, "list_filter_dropdown": false, "recent_actions_visible": true}}, {"model": "auth.permission", "pk": 1, "fields": {"name": "Can add Theme", "content_type": 1, "codename": "add_theme"}}, {"model": "auth.permission", "pk": 2, "fields": {"name": "Can change Theme", "content_type": 1, "codename": "change_theme"}}, {"model": "auth.permission", "pk": 3, "fields": {"name": "Can delete Theme", "content_type": 1, "codename": "delete_theme"}}, {"model": "auth.permission", "pk": 4, "fields": {"name": "Can view Theme", "content_type": 1, "codename": "view_theme"}}, {"model": "auth.permission", "pk": 5, "fields": {"name": "Can add log entry", "content_type": 2, "codename": "add_logentry"}}, {"model": "auth.permission", "pk": 6, "fields": {"name": "Can change log entry", "content_type": 2, "codename": "change_logentry"}}, {"model": "auth.permission", "pk": 7, "fields": {"name": "Can delete log entry", "content_type": 2, "codename": "delete_logentry"}}, {"model": "auth.permission", "pk": 8, "fields": {"name": "Can view log entry", "content_type": 2, "codename": "view_logentry"}}, {"model": "auth.permission", "pk": 9, "fields": {"name": "Can add permission", "content_type": 3, "codename": "add_permission"}}, {"model": "auth.permission", "pk": 10, "fields": {"name": "Can change permission", "content_type": 3, "codename": "change_permission"}}, {"model": "auth.permission", "pk": 11, "fields": {"name": "Can delete permission", "content_type": 3, "codename": "delete_permission"}}, {"model": "auth.permission", "pk": 12, "fields": {"name": "Can view permission", "content_type": 3, "codename": "view_permission"}}, {"model": "auth.permission", "pk": 13, "fields": {"name": "Can add group", "content_type": 4, "codename": "add_group"}}, {"model": "auth.permission", "pk": 14, "fields": {"name": "Can change group", "content_type": 4, "codename": "change_group"}}, {"model": "auth.permission", "pk": 15, "fields": {"name": "Can delete group", "content_type": 4, "codename": "delete_group"}}, {"model": "auth.permission", "pk": 16, "fields": {"name": "Can view group", "content_type": 4, "codename": "view_group"}}, {"model": "auth.permission", "pk": 17, "fields": {"name": "Can add user", "content_type": 5, "codename": "add_user"}}, {"model": "auth.permission", "pk": 18, "fields": {"name": "Can change user", "content_type": 5, "codename": "change_user"}}, {"model": "auth.permission", "pk": 19, "fields": {"name": "Can delete user", "content_type": 5, "codename": "delete_user"}}, {"model": "auth.permission", "pk": 20, "fields": {"name": "Can view user", "content_type": 5, "codename": "view_user"}}, {"model": "auth.permission", "pk": 21, "fields": {"name": "Can add content type", "content_type": 6, "codename": "add_contenttype"}}, {"model": "auth.permission", "pk": 22, "fields": {"name": "Can change content type", "content_type": 6, "codename": "change_contenttype"}}, {"model": "auth.permission", "pk": 23, "fields": {"name": "Can delete content type", "content_type": 6, "codename": "delete_contenttype"}}, {"model": "auth.permission", "pk": 24, "fields": {"name": "Can view content type", "content_type": 6, "codename": "view_contenttype"}}, {"model": "auth.permission", "pk": 25, "fields": {"name": "Can add session", "content_type": 7, "codename": "add_session"}}, {"model": "auth.permission", "pk": 26, "fields": {"name": "Can change session", "content_type": 7, "codename": "change_session"}}, {"model": "auth.permission", "pk": 27, "fields": {"name": "Can delete session", "content_type": 7, "codename": "delete_session"}}, {"model": "auth.permission", "pk": 28, "fields": {"name": "Can view session", "content_type": 7, "codename": "view_session"}}, {"model": "auth.permission", "pk": 29, "fields": {"name": "Can add category", "content_type": 8, "codename": "add_category"}}, {"model": "auth.permission", "pk": 30, "fields": {"name": "Can change category", "content_type": 8, "codename": "change_category"}}, {"model": "auth.permission", "pk": 31, "fields": {"name": "Can delete category", "content_type": 8, "codename": "delete_category"}}, {"model": "auth.permission", "pk": 32, "fields": {"name": "Can view category", "content_type": 8, "codename": "view_category"}}, {"model": "auth.permission", "pk": 33, "fields": {"name": "Can add product", "content_type": 9, "codename": "add_product"}}, {"model": "auth.permission", "pk": 34, "fields": {"name": "Can change product", "content_type": 9, "codename": "change_product"}}, {"model": "auth.permission", "pk": 35, "fields": {"name": "Can delete product", "content_type": 9, "codename": "delete_product"}}, {"model": "auth.permission", "pk": 36, "fields": {"name": "Can view product", "content_type": 9, "codename": "view_product"}}, {"model": "auth.permission", "pk": 37, "fields": {"name": "Can add product image", "content_type": 10, "codename": "add_productimage"}}, {"model": "auth.permission", "pk": 38, "fields": {"name": "Can change product image", "content_type": 10, "codename": "change_productimage"}}, {"model": "auth.permission", "pk": 39, "fields": {"name": "Can delete product image", "content_type": 10, "codename": "delete_productimage"}}, {"model": "auth.permission", "pk": 40, "fields": {"name": "Can view product image", "content_type": 10, "codename": "view_productimage"}}, {"model": "auth.permission", "pk": 41, "fields": {"name": "Can add sub category", "content_type": 11, "codename": "add_subcategory"}}, {"model": "auth.permission", "pk": 42, "fields": {"name": "Can change sub category", "content_type": 11, "codename": "change_subcategory"}}, {"model": "auth.permission", "pk": 43, "fields": {"name": "Can delete sub category", "content_type": 11, "codename": "delete_subcategory"}}, {"model": "auth.permission", "pk": 44, "fields": {"name": "Can view sub category", "content_type": 11, "codename": "view_subcategory"}}, {"model": "auth.permission", "pk": 45, "fields": {"name": "Can add kv store", "content_type": 12, "codename": "add_kvstore"}}, {"model": "auth.permission", "pk": 46, "fields": {"name": "Can change kv store", "content_type": 12, "codename": "change_kvstore"}}, {"model": "auth.permission", "pk": 47, "fields": {"name": "Can delete kv store", "content_type": 12, "codename": "delete_kvstore"}}, {"model": "auth.permission", "pk": 48, "fields": {"name": "Can view kv store", "content_type": 12, "codename": "view_kvstore"}}, {"model": "auth.permission", "pk": 49, "fields": {"name": "Can add post", "content_type": 13, "codename": "add_post"}}, {"model": "auth.permission", "pk": 50, "fields": {"name": "Can change post", "content_type": 13, "codename": "change_post"}}, {"model": "auth.permission", "pk": 51, "fields": {"name": "Can delete post", "content_type": 13, "codename": "delete_post"}}, {"model": "auth.permission", "pk": 52, "fields": {"name": "Can view post", "content_type": 13, "codename": "view_post"}}, {"model": "auth.permission", "pk": 53, "fields": {"name": "Can add slide", "content_type": 14, "codename": "add_slide"}}, {"model": "auth.permission", "pk": 54, "fields": {"name": "Can change slide", "content_type": 14, "codename": "change_slide"}}, {"model": "auth.permission", "pk": 55, "fields": {"name": "Can delete slide", "content_type": 14, "codename": "delete_slide"}}, {"model": "auth.permission", "pk": 56, "fields": {"name": "Can view slide", "content_type": 14, "codename": "view_slide"}}, {"model": "auth.user", "pk": 1, "fields": {"password": "pbkdf2_sha256$120000$JbtZXKpz5Ain$/fCnjQ5EYcv02rskiVWuH+UrRq4IqZKB8R/V+a3ky1U=", "last_login": "2019-01-24T13:59:30.729Z", "is_superuser": true, "username": "telmuun", "first_name": "", "last_name": "", "email": "tjesusho@gmail.com", "is_staff": true, "is_active": true, "date_joined": "2019-01-20T11:43:39.921Z", "groups": [], "user_permissions": []}}, {"model": "auth.user", "pk": 2, "fields": {"password": "pbkdf2_sha256$120000$vQpRJ42RsT5y$e6Ywo21ptPTx4PNU4+zi4yphgGuw5JM5I4adXSBQgBU=", "last_login": null, "is_superuser": false, "username": "johndoe", "first_name": "", "last_name": "", "email": "", "is_staff": false, "is_active": true, "date_joined": "2019-01-21T14:04:47.712Z", "groups": [], "user_permissions": []}}, {"model": "auth.user", "pk": 3, "fields": {"password": "pbkdf2_sha256$120000$6bohaCfpWvX8$HuW2ZQ8mbC4bUYqXK483NgXVf6hWDmBuhrAojGgU5PE=", "last_login": "2019-01-25T02:23:31.274Z", "is_superuser": true, "username": "Natureadmin", "first_name": "", "last_name": "", "email": "", "is_staff": true, "is_active": true, "date_joined": "2019-01-22T13:19:40Z", "groups": [], "user_permissions": []}}, {"model": "sessions.session", "pk": "1wrorlywq24ys7z0cglfbh5q7u3uihp3", "fields": {"session_data": "OTZkN2MxNjZiZDc2NjI3ZDljODRhOWZlNWExOWQ1YTI1YTlmYTVjYzp7Il9hdXRoX3VzZXJfaWQiOiIxIiwiX2F1dGhfdXNlcl9iYWNrZW5kIjoiZGphbmdvLmNvbnRyaWIuYXV0aC5iYWNrZW5kcy5Nb2RlbEJhY2tlbmQiLCJfYXV0aF91c2VyX2hhc2giOiJiYTRmOTk3YjEwMTFjMTRhZjcxODExY2JhNDU1YjM1NmEyNTAxYTYxIn0=", "expire_date": "2019-02-03T11:44:05.571Z"}}, {"model": "sessions.session", "pk": "2vqo01k1vim4ptfchwufffj7jm08ptv1", "fields": {"session_data": "M2M5NjBhYjljNmUwNmUzNjI2MDM4MTM2M2QzNTA3M2FhYTFhYTdmNjp7Il9hdXRoX3VzZXJfaGFzaCI6ImQ1ZjA5MTIxMGRlNmJmZjE4ZTg5NjhhZjA0NzgyODQyYmMwYzM2YzkiLCJfYXV0aF91c2VyX2JhY2tlbmQiOiJkamFuZ28uY29udHJpYi5hdXRoLmJhY2tlbmRzLk1vZGVsQmFja2VuZCIsIl9hdXRoX3VzZXJfaWQiOiIzIn0=", "expire_date": "2019-02-08T02:23:31.278Z"}}, {"model": "sessions.session", "pk": "9zl8228795gbs9zakqzob74t06whi1mb", "fields": {"session_data": "OTZkN2MxNjZiZDc2NjI3ZDljODRhOWZlNWExOWQ1YTI1YTlmYTVjYzp7Il9hdXRoX3VzZXJfaWQiOiIxIiwiX2F1dGhfdXNlcl9iYWNrZW5kIjoiZGphbmdvLmNvbnRyaWIuYXV0aC5iYWNrZW5kcy5Nb2RlbEJhY2tlbmQiLCJfYXV0aF91c2VyX2hhc2giOiJiYTRmOTk3YjEwMTFjMTRhZjcxODExY2JhNDU1YjM1NmEyNTAxYTYxIn0=", "expire_date": "2019-02-05T10:40:16.287Z"}}, {"model": "sessions.session", "pk": "b22d0yk34j1qmkgkzqcui0bd2gc05cx6", "fields": {"session_data": "MDNjN2RjM2E4ZjcwZjA3NzEyYTg4NDMyOTNlNDhlM2JiYTM3NTAwNzp7Il9hdXRoX3VzZXJfaGFzaCI6ImJhNGY5OTdiMTAxMWMxNGFmNzE4MTFjYmE0NTViMzU2YTI1MDFhNjEiLCJfYXV0aF91c2VyX2JhY2tlbmQiOiJkamFuZ28uY29udHJpYi5hdXRoLmJhY2tlbmRzLk1vZGVsQmFja2VuZCIsIl9hdXRoX3VzZXJfaWQiOiIxIn0=", "expire_date": "2019-02-07T13:59:30.731Z"}}, {"model": "main_app.category", "pk": 1, "fields": {"name": "Nature love mere", "slug": "nature-love-mere", "color": "#ffffff", "visible": true}}, {"model": "main_app.category", "pk": 2, "fields": {"name": "Maro mere", "slug": "maro-mere", "color": "#000000", "visible": false}}, {"model": "main_app.category", "pk": 3, "fields": {"name": "Aimer nature", "slug": "aimer-nature", "color": "#ffffff", "visible": false}}, {"model": "main_app.category", "pk": 4, "fields": {"name": "Coming soon", "slug": "coming-soon", "color": "#ffffff", "visible": false}}, {"model": "main_app.subcategory", "pk": 1, "fields": {"name": "Diapers", "slug": "diapers", "parent": 1}}, {"model": "main_app.subcategory", "pk": 2, "fields": {"name": "Wet tissue", "slug": "wet-tissue", "parent": 1}}, {"model": "main_app.subcategory", "pk": 3, "fields": {"name": "Detergent & Softner", "slug": "detergent-softner", "parent": 1}}, {"model": "main_app.subcategory", "pk": 4, "fields": {"name": "Skin care", "slug": "skin-care", "parent": 1}}, {"model": "main_app.subcategory", "pk": 5, "fields": {"name": "Breast pad", "slug": "breast-pad", "parent": 1}}, {"model": "main_app.subcategory", "pk": 7, "fields": {"name": "Zipper bag", "slug": "zipper-bag", "parent": 1}}, {"model": "main_app.subcategory", "pk": 8, "fields": {"name": "Babies cotton swab", "slug": "babies-cotton-swab", "parent": 1}}, {"model": "main_app.subcategory", "pk": 9, "fields": {"name": "Other", "slug": "other", "parent": 1}}, {"model": "main_app.subcategory", "pk": 11, "fields": {"name": "maromere", "slug": "maromere", "parent": 2}}, {"model": "main_app.subcategory", "pk": 12, "fields": {"name": "Dish soap", "slug": "dish-soap", "parent": 1}}, {"model": "main_app.product", "pk": 1, "fields": {"user": 1, "title": "Original Band Diaper", "price": 38500, "special": true, "thumbnail": "thumbnails/030101_sum.jpg", "category": 1}}, {"model": "main_app.product", "pk": 2, "fields": {"user": 1, "title": "The Slim Band Diaper", "price": 41000, "special": true, "thumbnail": "thumbnails/030102_sum.jpg", "category": 1}}, {"model": "main_app.product", "pk": 3, "fields": {"user": 1, "title": "Original Panty Diaper", "price": 29500, "special": true, "thumbnail": "thumbnails/030104_sum.jpg", "category": 1}}, {"model": "main_app.product", "pk": 4, "fields": {"user": 1, "title": "Slim Panty Diaper", "price": 32500, "special": true, "thumbnail": "thumbnails/030105_sum.jpg", "category": 1}}, {"model": "main_app.product", "pk": 5, "fields": {"user": 1, "title": "Eco Panty Diaper", "price": 3000, "special": true, "thumbnail": "thumbnails/030106_sum.jpg", "category": 1}}, {"model": "main_app.product", "pk": 6, "fields": {"user": 1, "title": "Swim Panty Diaper", "price": 6500, "special": true, "thumbnail": "thumbnails/030107_sum.jpg", "category": 1}}, {"model": "main_app.product", "pk": 8, "fields": {"user": 1, "title": "Fine Wet Tissue", "price": 9000, "special": false, "thumbnail": "thumbnails/wet-tissue_2_NEDHACK.jpg", "category": 2}}, {"model": "main_app.product", "pk": 9, "fields": {"user": 1, "title": "Primy Wet Tissue", "price": 3000, "special": false, "thumbnail": "thumbnails/wet-tissue_1_2dKSYUC.jpg", "category": 2}}, {"model": "main_app.product", "pk": 15, "fields": {"user": 3, "title": "\u0418\u043d\u0442\u043e\u043e\u0440\u044b\u043d \u0445\u0430\u043d\u0434\u0442\u0430\u0439 \u0445\u0443\u0432\u0446\u0430\u0441 \u0443\u0433\u0430\u0430\u043b\u0433\u044b\u043d \u0448\u0438\u043d\u0433\u044d\u043d", "price": 17000, "special": false, "thumbnail": "thumbnails/detergent_1_ze0d3GH.jpg", "category": 3}}, {"model": "main_app.product", "pk": 16, "fields": {"user": 3, "title": "\u0418\u043d\u0442\u043e\u043e\u0440\u044b\u043d \u0445\u0430\u043d\u0434\u0442\u0430\u0439 \u0445\u0443\u0432\u0446\u0430\u0441 \u0437\u0430\u0439\u043b\u0430\u0433\u0447", "price": 14000, "special": false, "thumbnail": "thumbnails/detergent_2_VEV9aZS.jpg", "category": 3}}, {"model": "main_app.product", "pk": 17, "fields": {"user": 3, "title": "\u0418\u043d\u0442\u043e\u043e\u0440\u044b\u043d \u0445\u0430\u043d\u0434\u0442\u0430\u0439 \u0445\u0443\u0432\u0446\u0430\u0441 \u0443\u0433\u0430\u0430\u043b\u0433\u044b\u043d \u0448\u0438\u043d\u0433\u044d\u043d\u0438\u0439 \u0437\u0430\u043f\u0430\u0441", "price": 9000, "special": false, "thumbnail": "thumbnails/detergent_3_H1Idwap.jpg", "category": 3}}, {"model": "main_app.product", "pk": 18, "fields": {"user": 3, "title": "\u0418\u043d\u0442\u043e\u043e\u0440\u044b\u043d \u0445\u0430\u043d\u0434\u0442\u0430\u0439 \u0445\u0443\u0432\u0446\u0430\u0441 \u0437\u0430\u0439\u043b\u0430\u0433\u0447\u0438\u0439\u043d \u0437\u0430\u043f\u0430\u0441", "price": 7000, "special": false, "thumbnail": "thumbnails/detergent_4_NcKOrQB.jpg", "category": 3}}, {"model": "main_app.product", "pk": 19, "fields": {"user": 3, "title": "\u041d\u043e\u0433\u043e\u043e\u043d \u0448\u043e\u0448\u043d\u044b \u0445\u0430\u043d\u0434\u0442\u0430\u0439 \u0443\u0433\u0430\u0430\u043b\u0433\u044b\u043d \u0448\u0438\u043d\u0433\u044d\u043d", "price": 17000, "special": false, "thumbnail": "thumbnails/detergent_5_Fmz52it.jpg", "category": 3}}, {"model": "main_app.product", "pk": 20, "fields": {"user": 3, "title": "\u041d\u043e\u0433\u043e\u043e\u043d \u0448\u043e\u0448\u043d\u044b \u0445\u0430\u043d\u0434\u0442\u0430\u0439 \u0445\u0443\u0432\u0446\u0430\u0441 \u0437\u0430\u0439\u043b\u0430\u0433\u0447 \u0448\u0438\u043d\u0433\u044d\u043d", "price": 14000, "special": false, "thumbnail": "thumbnails/detergent_6_EXaWCXC.jpg", "category": 3}}, {"model": "main_app.product", "pk": 21, "fields": {"user": 3, "title": "\u041d\u043e\u0433\u043e\u043e\u043d \u0448\u043e\u0448\u043d\u044b \u0445\u0430\u043d\u0434\u0442\u0430\u0439 \u0443\u0433\u0430\u0430\u043b\u0433\u044b\u043d \u0448\u0438\u043d\u0433\u044d\u043d\u0438\u0439 \u0437\u0430\u043f\u0430\u0441", "price": 9000, "special": false, "thumbnail": "thumbnails/detergent_7_6LDlOSJ.jpg", "category": 3}}, {"model": "main_app.product", "pk": 22, "fields": {"user": 3, "title": "\u041d\u043e\u0433\u043e\u043e\u043d \u0448\u043e\u0448\u043d\u044b \u0445\u0430\u043d\u0434\u0442\u0430\u0439 \u0445\u0443\u0432\u0446\u0430\u0441 \u0437\u0430\u0439\u043b\u0430\u0433\u0447 \u0448\u0438\u043d\u0433\u044d\u043d\u0438\u0439 \u0437\u0430\u043f\u0430\u0441", "price": 7000, "special": false, "thumbnail": "thumbnails/detergent_6_5ax1tdt.jpg", "category": 3}}, {"model": "main_app.product", "pk": 23, "fields": {"user": 3, "title": "\u041b\u0430\u0432\u0430\u043d\u0434\u0430\u0433\u044b\u043d \u0445\u0430\u043d\u0434\u0442\u0430\u0439 \u0443\u0433\u0430\u0430\u043b\u0433\u044b\u043d \u0448\u0438\u043d\u0433\u044d\u043d", "price": 17000, "special": false, "thumbnail": "thumbnails/detergent_9_PCRoayd.jpg", "category": 3}}, {"model": "main_app.product", "pk": 24, "fields": {"user": 3, "title": "\u041b\u0430\u0432\u0430\u043d\u0434\u0430\u0433\u044b\u043d \u0445\u0430\u043d\u0434\u0442\u0430\u0439 \u0445\u0443\u0432\u0446\u0430\u0441 \u0437\u0430\u0439\u043b\u0430\u0433\u0447", "price": 14000, "special": false, "thumbnail": "thumbnails/detergent_10_YiYQ7n4.jpg", "category": 3}}, {"model": "main_app.product", "pk": 25, "fields": {"user": 3, "title": "\u041b\u0430\u0432\u0430\u043d\u0434\u0430\u0433\u044b\u043d \u0445\u0430\u043d\u0434\u0442\u0430\u0439 \u0443\u0433\u0430\u0430\u043b\u0433\u044b\u043d \u0448\u0438\u043d\u0433\u044d\u043d\u0438\u0439 \u0437\u0430\u043f\u0430\u0441", "price": 9000, "special": false, "thumbnail": "thumbnails/detergent_11_0BvEj4L.jpg", "category": 3}}, {"model": "main_app.product", "pk": 26, "fields": {"user": 3, "title": "\u041b\u0430\u0432\u0430\u043d\u0434\u0430\u0433\u044b\u043d \u0445\u0430\u043d\u0434\u0442\u0430\u0439 \u0445\u0443\u0432\u0446\u0430\u0441 \u0437\u0430\u0439\u043b\u0430\u0433\u0447\u0438\u0439\u043d \u0437\u0430\u043f\u0430\u0441", "price": 7000, "special": false, "thumbnail": "thumbnails/detergent_12_PbyWIJk.jpg", "category": 3}}, {"model": "main_app.product", "pk": 27, "fields": {"user": 3, "title": "\u0423\u0434\u0432\u0430\u043b \u0446\u044d\u0446\u0433\u0438\u0439\u043d \u0445\u0430\u043d\u0434\u0442\u0430\u0439 \u0443\u0433\u0430\u0430\u043b\u0433\u044b\u043d \u0448\u0438\u043d\u0433\u044d\u043d", "price": 17000, "special": false, "thumbnail": "thumbnails/detergent_13_AHIkVyZ.jpg", "category": 3}}, {"model": "main_app.product", "pk": 28, "fields": {"user": 3, "title": "\u0423\u0434\u0432\u0430\u043b \u0446\u044d\u0446\u0433\u0438\u0439\u043d \u0445\u0430\u043d\u0434\u0442\u0430\u0439 \u0445\u0443\u0432\u0446\u0430\u0441 \u0437\u0430\u0439\u043b\u0430\u0433\u0447", "price": 14000, "special": false, "thumbnail": "thumbnails/detergent_14_VnPS4Ot.jpg", "category": 3}}, {"model": "main_app.product", "pk": 29, "fields": {"user": 3, "title": "\u0423\u0434\u0432\u0430\u043b \u0446\u044d\u0446\u0433\u0438\u0439\u043d \u0445\u0430\u043d\u0434\u0442\u0430\u0439 \u0443\u0433\u0430\u0430\u043b\u0433\u044b\u043d \u0448\u0438\u043d\u0433\u044d\u043d\u0438\u0439 \u0437\u0430\u043f\u0430\u0441", "price": 9000, "special": false, "thumbnail": "thumbnails/detergent_15_lRtquAm.jpg", "category": 3}}, {"model": "main_app.product", "pk": 30, "fields": {"user": 3, "title": "\u0423\u0434\u0432\u0430\u043b \u0446\u044d\u0446\u0433\u0438\u0439\u043d \u0445\u0430\u043d\u0434\u0442\u0430\u0439 \u0445\u0443\u0432\u0446\u0430\u0441 \u0437\u0430\u0439\u043b\u0430\u0433\u0447\u0438\u0439\u043d \u0437\u0430\u043f\u0430\u0441", "price": 7000, "special": false, "thumbnail": "thumbnails/detergent_16_hnnYEGg.jpg", "category": 3}}, {"model": "main_app.product", "pk": 31, "fields": {"user": 3, "title": "\u0411\u0443\u0443\u0434\u0430\u0439\u043d \u0445\u0430\u043d\u0434\u0442\u0430\u0439 \u0443\u0433\u0430\u0430\u043b\u0433\u044b\u043d \u0448\u0438\u043d\u0433\u044d\u043d", "price": 17000, "special": false, "thumbnail": "thumbnails/detergent_17_OZD8pSR.jpg", "category": 3}}, {"model": "main_app.product", "pk": 32, "fields": {"user": 3, "title": "\u0411\u0443\u0443\u0434\u0430\u0439\u043d \u0445\u0430\u043d\u0434\u0442\u0430\u0439 \u0445\u0443\u0432\u0446\u0430\u0441 \u0437\u0430\u0439\u043b\u0430\u0433\u0447", "price": 14000, "special": false, "thumbnail": "thumbnails/detergent_18_nTtIiFJ.jpg", "category": 3}}, {"model": "main_app.product", "pk": 33, "fields": {"user": 3, "title": "\u0411\u0443\u0443\u0434\u0430\u0439\u043d \u0445\u0430\u043d\u0434\u0442\u0430\u0439 \u0443\u0433\u0430\u0430\u043b\u0433\u044b\u043d \u0448\u0438\u043d\u0433\u044d\u043d\u0438\u0439 \u0437\u0430\u043f\u0430\u0441", "price": 9000, "special": false, "thumbnail": "thumbnails/detergent_19_mJzyflS.jpg", "category": 3}}, {"model": "main_app.product", "pk": 34, "fields": {"user": 3, "title": "\u0411\u0443\u0443\u0434\u0430\u0439\u043d \u0445\u0430\u043d\u0434\u0442\u0430\u0439 \u0445\u0443\u0432\u0446\u0430\u0441 \u0437\u0430\u0439\u043b\u0430\u0433\u0447\u0438\u0439\u043d \u0437\u0430\u043f\u0430\u0441", "price": 7000, "special": false, "thumbnail": "thumbnails/detergent_20_D1qIM3J.jpg", "category": 3}}, {"model": "main_app.product", "pk": 35, "fields": {"user": 3, "title": "\u0416\u0438\u043c\u0441\u043d\u0438\u0439 \u0445\u0430\u043d\u0434\u0442\u0430\u0439 \u0443\u0433\u0430\u0430\u043b\u0433\u044b\u043d \u0448\u0438\u043d\u0433\u044d\u043d", "price": 17000, "special": false, "thumbnail": "thumbnails/detergent_23_0AXfnn5.jpg", "category": 3}}, {"model": "main_app.product", "pk": 36, "fields": {"user": 3, "title": "\u0416\u0438\u043c\u0441\u043d\u0438\u0439 \u0445\u0430\u043d\u0434\u0442\u0430\u0439 \u0445\u0443\u0432\u0446\u0430\u0441 \u0437\u0430\u0439\u043b\u0430\u0433\u0447", "price": 14000, "special": false, "thumbnail": "thumbnails/detergent_24_WtSAXOt.jpg", "category": 3}}, {"model": "main_app.product", "pk": 37, "fields": {"user": 3, "title": "\u0416\u0438\u043c\u0441\u043d\u0438\u0439 \u0445\u0430\u043d\u0434\u0442\u0430\u0439 \u0443\u0433\u0430\u0430\u043b\u0433\u044b\u043d \u0448\u0438\u043d\u0433\u044d\u043d\u0438\u0439 \u0437\u0430\u043f\u0430\u0441", "price": 9000, "special": false, "thumbnail": "thumbnails/detergent_21_fNiZDPJ.jpg", "category": 3}}, {"model": "main_app.product", "pk": 38, "fields": {"user": 3, "title": "\u0416\u0438\u043c\u0441\u043d\u0438\u0439 \u0445\u0430\u043d\u0434\u0442\u0430\u0439 \u0445\u0443\u0432\u0446\u0430\u0441 \u0437\u0430\u0439\u043b\u0430\u0433\u0447\u0438\u0439\u043d \u0437\u0430\u043f\u0430\u0441", "price": 7000, "special": false, "thumbnail": "thumbnails/detergent_22_NYGyiiY.jpg", "category": 3}}, {"model": "main_app.product", "pk": 39, "fields": {"user": 3, "title": "\u041d\u043e\u0433\u043e\u043e\u043d\u044b \u0445\u0430\u043d\u0434\u0442\u0430\u0439 \u0443\u0433\u0430\u0430\u043b\u0433\u044b\u043d \u0448\u0438\u043d\u0433\u044d\u043d", "price": 17000, "special": false, "thumbnail": "thumbnails/detergent_25_Z5NK0k4.jpg", "category": 3}}, {"model": "main_app.product", "pk": 40, "fields": {"user": 3, "title": "\u041d\u043e\u0433\u043e\u043e\u043d\u044b \u0445\u0430\u043d\u0434\u0442\u0430\u0439 \u0445\u0443\u0432\u0446\u0430\u0441 \u0437\u0430\u0439\u043b\u0430\u0433\u0447", "price": 14000, "special": false, "thumbnail": "thumbnails/detergent_26_e61Ofna.jpg", "category": 3}}, {"model": "main_app.product", "pk": 41, "fields": {"user": 3, "title": "\u041d\u043e\u0433\u043e\u043e\u043d\u044b \u0445\u0430\u043d\u0434\u0442\u0430\u0439 \u0443\u0433\u0430\u0430\u043b\u0433\u044b\u043d \u0448\u0438\u043d\u0433\u044d\u043d\u0438\u0439 \u0437\u0430\u043f\u0430\u0441", "price": 9000, "special": false, "thumbnail": "thumbnails/detergent_27_hHH5c1H.jpg", "category": 3}}, {"model": "main_app.product", "pk": 42, "fields": {"user": 3, "title": "\u041d\u043e\u0433\u043e\u043e\u043d\u044b \u0445\u0430\u043d\u0434\u0442\u0430\u0439 \u0445\u0443\u0432\u0446\u0430\u0441 \u0437\u0430\u0439\u043b\u0430\u0433\u0447\u0438\u0439\u043d \u0437\u0430\u043f\u0430\u0441", "price": 7000, "special": false, "thumbnail": "thumbnails/detergent_28_UZorV8W.jpg", "category": 3}}, {"model": "main_app.product", "pk": 44, "fields": {"user": 3, "title": "\u0413\u0430\u0440\u044b\u043d \u0445\u04e9\u04e9\u0441 280\u043c\u043b", "price": 12000, "special": false, "thumbnail": "thumbnails/Dishsoap_1_6yOPuy2.jpg", "category": 12}}, {"model": "main_app.product", "pk": 45, "fields": {"user": 3, "title": "\u0413\u0430\u0440\u044b\u043d \u0445\u04e9\u04e9\u0441\u043d\u0438\u0439 \u0437\u0430\u043f\u0430\u0441 250\u043c\u043b", "price": 7000, "special": false, "thumbnail": "thumbnails/Dishsoap_2_kd11aPi.jpg", "category": 12}}, {"model": "main_app.product", "pk": 46, "fields": {"user": 3, "title": "\u0425\u04af\u04af\u0445\u0434\u0438\u0439\u043d \u0433\u0430\u0440\u044b\u043d \u0445\u04e9\u04e9\u0441 550\u043c\u043b", "price": 11500, "special": false, "thumbnail": "thumbnails/Dishsoap_3_NabuT8g.jpg", "category": 12}}, {"model": "main_app.product", "pk": 47, "fields": {"user": 3, "title": "\u0425\u04af\u04af\u0445\u0434\u0438\u0439\u043d \u0433\u0430\u0440\u044b\u043d \u0445\u04e9\u04e9\u0441\u043d\u0438\u0439 \u0437\u0430\u043f\u0430\u0441 500\u043c\u043b", "price": 7000, "special": false, "thumbnail": "thumbnails/Dishsoap_4_ZSysNuf.jpg", "category": 12}}, {"model": "main_app.product", "pk": 48, "fields": {"user": 3, "title": "Baby dish detergent 750ml", "price": 9500, "special": false, "thumbnail": "thumbnails/Dishsoap_5_KodHknC.jpg", "category": 12}}, {"model": "main_app.product", "pk": 49, "fields": {"user": 3, "title": "Baby dish detergent refill 500ml", "price": 5000, "special": false, "thumbnail": "thumbnails/Dishsoap_6_zZ3ZM0o.jpg", "category": 12}}, {"model": "main_app.product", "pk": 50, "fields": {"user": 3, "title": "Laundry stain remover spray type 400ml", "price": 4000, "special": false, "thumbnail": "thumbnails/Dishsoap_7_X8Vj6em.jpg", "category": 12}}, {"model": "main_app.product", "pk": 51, "fields": {"user": 3, "title": "Baby Bath & Shampoo", "price": 28000, "special": false, "thumbnail": "thumbnails/Skin_1_Lbqbomg.jpg", "category": 4}}, {"model": "main_app.product", "pk": 52, "fields": {"user": 3, "title": "Baby Lotion", "price": 21000, "special": false, "thumbnail": "thumbnails/Skin_2_oXgQXjo.jpg", "category": 4}}, {"model": "main_app.product", "pk": 53, "fields": {"user": 3, "title": "Baby Cream", "price": 23500, "special": false, "thumbnail": "thumbnails/Skin_3_Ebuz9Pr.jpg", "category": 4}}, {"model": "main_app.product", "pk": 54, "fields": {"user": 3, "title": "Baby Skincare Set", "price": 0, "special": false, "thumbnail": "thumbnails/Gift_gYiinAy.jpg", "category": 4}}, {"model": "main_app.productimage", "pk": 1, "fields": {"image": "products_images/Product-detail.png", "product": 1}}, {"model": "main_app.slide", "pk": 5, "fields": {"image": "slides/bg7.jpg", "maromere": false}}, {"model": "main_app.slide", "pk": 6, "fields": {"image": "slides/bg1_VfjCLoY.png", "maromere": false}}, {"model": "blog.post", "pk": 1, "fields": {"author": 1, "title": "Blog title here", "content": "<p>\ud504\ub9ac\ubbf8\uc5c4 \uce5c\ud658\uacbd \uc720\uc544\uc6a9\ud488 \ube0c\ub79c\ub4dc \ub124\uc774\uccd0\ub7ec\ube0c\uba54\ub808\uac00 \ubabd\uace8 \uc2dc\uc7a5\uc5d0 \uc9c4\ucd9c\ud55c \ub370 \uc774\uc5b4 \uc720\uc544\uc6a9\ud488 \ubc15\ub78c\ud68c\uae4c\uc9c0 \uc131\ub8cc\ud588\ub2e4.</p>\r\n\r\n<p>\ubabd\uace8 \uc2dc\uc7a5\uc5d0\uc11c \ud55c\ub958 \ud504\ub9ac\ubbf8\uc5c4 \uc720\uc544\uc6a9\ud488\uc744 \uc54c\ub9ac\ub294 \u321c\uc218\ubbf8\ub294 \ubbf8\ud654 30\ub9cc \ubd88 \uc0c1\ub2f9\uc758 \uccab \uc218\ucd9c\uc744 \uc2dc\uc791\uc73c\ub85c \ud604\uc9c0\uc758 \uc720\ud1b5 \ub300\uae30\uc5c5 \ub178\ubbfc\uadf8\ub8f9\uacfc \uc190\uc7a1\uace0 \ubabd\uace8 \uc804\uc5ed\uc73c\ub85c \ub124\uc774\uccd0\ub7ec\ube0c\uba54\ub808(\uc720\uc544\uc6a9\ud488),</p>\r\n\r\n<p>\ub9c8\ub85c\uba54\ub77c(\uc0dd\ub9ac\ub300)\ub97c \uc720\ud1b5\ud558\ub294 \ub4f1 \ubabd\uace8 \uc2dc\uc7a5 \uacf5\ub7b5\uc5d0 \uc18d\ub3c4\ub97c \ub0b4\uace0 \uc788\ub2e4.</p>\r\n\r\n<p>&nbsp;</p>\r\n\r\n<p>\ub178\ubbfc \uadf8\ub8f9\uc740 \uc720\ud1b5, \ubb34\uc5ed, \uae08\uc735, \ubd80\ub3d9\uc0b0, \uc81c\uc870\uc5c5, \uc790\ub3d9\ucc28 \ud310\ub9e4\uc5c5 \ub4f1\uc744 \uc8fc\ub825\uc73c\ub85c \ud558\uace0 \uc788\ub294 \ubabd\uace8\uc758 3\ub300 \uadf8\ub8f9\uc73c\ub85c, \ub85c\ub808\uc54c, \ub9dd\uace0, \ud14c\ub77c\ub178\ubc14, \uc13c\ucd94\ub9ac \ub4f1 \ub2e4\uc218\uc758 \ud504\ub79c\ucc28\uc774\uc988\uae4c\uc9c0 \ubcf4\uc720\ud558\uace0 \uc788\ub2e4.</p>\r\n\r\n<p>\u321c\uc218\ubbf8\uac00 \uc120\ubcf4\uc774\ub294 &lsquo;\ub124\uc774\uccd0\ub7ec\ube0c\uba54\ub808&rsquo;\ub294 \uc544\uc774\uc758 \uc548\uc804\uc744 \ucd5c\uc6b0\uc120\uc73c\ub85c \uc0dd\uac01\ud558\uba70 \uc774\uc5d0 \uce5c\ud658\uacbd \uc6d0\ubd80\uc790\uc7ac\ub97c \uc0ac\uc6a9\ud574 \uc81c\ud488\uc744 \uc0dd\uc0b0\ud558\uace0 \uc788\ub2e4.</p>\r\n\r\n<p>&nbsp;</p>\r\n\r\n<p>\uc5ec\uc131 \uc704\uc0dd\uc6a9\ud488 \ube0c\ub79c\ub4dc \ub9c8\ub85c\uba54\ub77c \uc81c\ud488\uc740 \uc608\ubbfc\ud55c \uadf8\ub0a0\uc5d0 \ubab8\uc5d0 \ub9de\uc9c0 \uc54a\ub294 \uc0dd\ub9ac\ub300\ub85c \uace0\ud1b5\uc774 \ubc30\uac00\ub418\ub294 \uc5ec\uc131\ub4e4\uc744 \uc704\ud574 \uc131\ubd84\uc5d0 \uc2e0\uacbd \uc4f4 \ubbff\uc744 \uc218 \uc788\ub294 \uc0c8\ub85c\uc6b4 \uc5ec\uc131\uc6a9\ud488\uc73c\ub85c \uc720\uc544\uc6a9\ud488\uacfc \ud568\uaed8 \ubabd\uace8 \uc804\uc5ed\uc5d0\uc11c \ud310\ub9e4\ub418\uace0 \uc788\ub2e4.</p>\r\n\r\n<p>\ubabd\uace8\uc758 \uc720\uba85 \uc5f0\uc608\uc778 Amarkhuu.B(\ub0a8)\uacfc Ariunzul.O(\uc5ec)\ub97c \ubaa8\ub378\ub85c \uce90\uc2a4\ud305, \uce5c\ud658\uacbd \ube0c\ub79c\ub4dc\ub97c \uc54c\ub9ac\uace0 \uc788\uc73c\uba70, SNS\ub97c \ud1b5\ud574 \ubc15\ub78c\ud68c \ud604\uc7a5\uc744 \uc0dd\ubc29\uc1a1 \uc911\uacc4\ud558\ub294 \ub4f1\uc758 \ud604\uc9c0 \ub9c8\ucf00\ud305\uc5d0\ub3c4 \uc9d1\uc911\ud558\uace0 \uc788\ub2e4.</p>\r\n\r\n<p>\uc5c5\uccb4 \ub2f4\ub2f9\uc790\ub294 &ldquo;\ud604\uc7ac \uc911\uad6d, \ub7ec\uc2dc\uc544, \ub300\ub9cc, \ubca0\ud2b8\ub0a8 \ub4f1 10\uc5ec \uac1c\uad6d\uc5d0 \uc218\ucd9c\uc744 \ud558\uace0 \uc788\uc73c\uba70, \uc138\uacc4 \uac01\uad6d\uc5d0\uc11c \ub7ec\ube0c\ucf5c\uc774 \uc624\uace0 \uc788\ub2e4. \ud5a5\ud6c4 \uc720\ub7fd\uc2dc\uc7a5 \uc9c4\ucd9c\ub3c4 \uc900\ube44\ud558\uace0 \uc788\ub2e4&rdquo;\uace0 \uc804\ud588\ub2e4.</p>\r\n\r\n<p>&nbsp;</p>\r\n\r\n<p>\ud55c\ud3b8, \ub124\uc774\uccd0\ub7ec\ube0c\uba54\ub808\uc758 \ubaa8\ub4e0 \uc81c\ud488\uc740 \uc18c\uc15c\ucee4\uba38\uc2a4, \uc624\ud508\ub9c8\ucf13 \ubc0f \uc885\ud569\ubab0, \uc790\uc0ac \ud648\ud398\uc774\uc9c0 \ubc0f \uc5b4\ud50c\ub9ac\ucf00\uc774\uc158\uacfc \uc804\uad6d\uc758 \uc2a4\ud0c0\ud544\ub4dc \ubc0f \uc090\uc5d0\ub85c \ub9e4\uc7a5\uc5d0\uc11c \ub9cc\ub0a0 \uc218 \uc788\ub2e4.</p>", "thumbnail": "Screenshot_from_2019-01-18_12-14-53.png", "created_date": "2019-01-22T10:44:18.480Z", "updated_date": "2019-01-21T13:11:41.650Z"}}, {"model": "blog.post", "pk": 2, "fields": {"author": 1, "title": "Blog title here", "content": "<p>\ud504\ub9ac\ubbf8\uc5c4 \uce5c\ud658\uacbd \uc720\uc544\uc6a9\ud488 \ube0c\ub79c\ub4dc \ub124\uc774\uccd0\ub7ec\ube0c\uba54\ub808\uac00 \ubabd\uace8 \uc2dc\uc7a5\uc5d0 \uc9c4\ucd9c\ud55c \ub370 \uc774\uc5b4 \uc720\uc544\uc6a9\ud488 \ubc15\ub78c\ud68c\uae4c\uc9c0 \uc131\ub8cc\ud588\ub2e4.</p>\r\n\r\n<p>\ubabd\uace8 \uc2dc\uc7a5\uc5d0\uc11c \ud55c\ub958 \ud504\ub9ac\ubbf8\uc5c4 \uc720\uc544\uc6a9\ud488\uc744 \uc54c\ub9ac\ub294 \u321c\uc218\ubbf8\ub294 \ubbf8\ud654 30\ub9cc \ubd88 \uc0c1\ub2f9\uc758 \uccab \uc218\ucd9c\uc744 \uc2dc\uc791\uc73c\ub85c \ud604\uc9c0\uc758 \uc720\ud1b5 \ub300\uae30\uc5c5 \ub178\ubbfc\uadf8\ub8f9\uacfc \uc190\uc7a1\uace0 \ubabd\uace8 \uc804\uc5ed\uc73c\ub85c \ub124\uc774\uccd0\ub7ec\ube0c\uba54\ub808(\uc720\uc544\uc6a9\ud488),</p>\r\n\r\n<p>\ub9c8\ub85c\uba54\ub77c(\uc0dd\ub9ac\ub300)\ub97c \uc720\ud1b5\ud558\ub294 \ub4f1 \ubabd\uace8 \uc2dc\uc7a5 \uacf5\ub7b5\uc5d0 \uc18d\ub3c4\ub97c \ub0b4\uace0 \uc788\ub2e4.</p>\r\n\r\n<p>&nbsp;</p>\r\n\r\n<p>\ub178\ubbfc \uadf8\ub8f9\uc740 \uc720\ud1b5, \ubb34\uc5ed, \uae08\uc735, \ubd80\ub3d9\uc0b0, \uc81c\uc870\uc5c5, \uc790\ub3d9\ucc28 \ud310\ub9e4\uc5c5 \ub4f1\uc744 \uc8fc\ub825\uc73c\ub85c \ud558\uace0 \uc788\ub294 \ubabd\uace8\uc758 3\ub300 \uadf8\ub8f9\uc73c\ub85c, \ub85c\ub808\uc54c, \ub9dd\uace0, \ud14c\ub77c\ub178\ubc14, \uc13c\ucd94\ub9ac \ub4f1 \ub2e4\uc218\uc758 \ud504\ub79c\ucc28\uc774\uc988\uae4c\uc9c0 \ubcf4\uc720\ud558\uace0 \uc788\ub2e4.</p>\r\n\r\n<p>\u321c\uc218\ubbf8\uac00 \uc120\ubcf4\uc774\ub294 &lsquo;\ub124\uc774\uccd0\ub7ec\ube0c\uba54\ub808&rsquo;\ub294 \uc544\uc774\uc758 \uc548\uc804\uc744 \ucd5c\uc6b0\uc120\uc73c\ub85c \uc0dd\uac01\ud558\uba70 \uc774\uc5d0 \uce5c\ud658\uacbd \uc6d0\ubd80\uc790\uc7ac\ub97c \uc0ac\uc6a9\ud574 \uc81c\ud488\uc744 \uc0dd\uc0b0\ud558\uace0 \uc788\ub2e4.</p>\r\n\r\n<p>&nbsp;</p>\r\n\r\n<p>\uc5ec\uc131 \uc704\uc0dd\uc6a9\ud488 \ube0c\ub79c\ub4dc \ub9c8\ub85c\uba54\ub77c \uc81c\ud488\uc740 \uc608\ubbfc\ud55c \uadf8\ub0a0\uc5d0 \ubab8\uc5d0 \ub9de\uc9c0 \uc54a\ub294 \uc0dd\ub9ac\ub300\ub85c \uace0\ud1b5\uc774 \ubc30\uac00\ub418\ub294 \uc5ec\uc131\ub4e4\uc744 \uc704\ud574 \uc131\ubd84\uc5d0 \uc2e0\uacbd \uc4f4 \ubbff\uc744 \uc218 \uc788\ub294 \uc0c8\ub85c\uc6b4 \uc5ec\uc131\uc6a9\ud488\uc73c\ub85c \uc720\uc544\uc6a9\ud488\uacfc \ud568\uaed8 \ubabd\uace8 \uc804\uc5ed\uc5d0\uc11c \ud310\ub9e4\ub418\uace0 \uc788\ub2e4.</p>\r\n\r\n<p>\ubabd\uace8\uc758 \uc720\uba85 \uc5f0\uc608\uc778 Amarkhuu.B(\ub0a8)\uacfc Ariunzul.O(\uc5ec)\ub97c \ubaa8\ub378\ub85c \uce90\uc2a4\ud305, \uce5c\ud658\uacbd \ube0c\ub79c\ub4dc\ub97c \uc54c\ub9ac\uace0 \uc788\uc73c\uba70, SNS\ub97c \ud1b5\ud574 \ubc15\ub78c\ud68c \ud604\uc7a5\uc744 \uc0dd\ubc29\uc1a1 \uc911\uacc4\ud558\ub294 \ub4f1\uc758 \ud604\uc9c0 \ub9c8\ucf00\ud305\uc5d0\ub3c4 \uc9d1\uc911\ud558\uace0 \uc788\ub2e4.</p>\r\n\r\n<p>\uc5c5\uccb4 \ub2f4\ub2f9\uc790\ub294 &ldquo;\ud604\uc7ac \uc911\uad6d, \ub7ec\uc2dc\uc544, \ub300\ub9cc, \ubca0\ud2b8\ub0a8 \ub4f1 10\uc5ec \uac1c\uad6d\uc5d0 \uc218\ucd9c\uc744 \ud558\uace0 \uc788\uc73c\uba70, \uc138\uacc4 \uac01\uad6d\uc5d0\uc11c \ub7ec\ube0c\ucf5c\uc774 \uc624\uace0 \uc788\ub2e4. \ud5a5\ud6c4 \uc720\ub7fd\uc2dc\uc7a5 \uc9c4\ucd9c\ub3c4 \uc900\ube44\ud558\uace0 \uc788\ub2e4&rdquo;\uace0 \uc804\ud588\ub2e4.</p>\r\n\r\n<p>&nbsp;</p>\r\n\r\n<p>\ud55c\ud3b8, \ub124\uc774\uccd0\ub7ec\ube0c\uba54\ub808\uc758 \ubaa8\ub4e0 \uc81c\ud488\uc740 \uc18c\uc15c\ucee4\uba38\uc2a4, \uc624\ud508\ub9c8\ucf13 \ubc0f \uc885\ud569\ubab0, \uc790\uc0ac \ud648\ud398\uc774\uc9c0 \ubc0f \uc5b4\ud50c\ub9ac\ucf00\uc774\uc158\uacfc \uc804\uad6d\uc758 \uc2a4\ud0c0\ud544\ub4dc \ubc0f \uc090\uc5d0\ub85c \ub9e4\uc7a5\uc5d0\uc11c \ub9cc\ub0a0 \uc218 \uc788\ub2e4.</p>", "thumbnail": "pic_1.png", "created_date": "2019-01-22T10:50:51.748Z", "updated_date": "2019-01-21T13:32:58.543Z"}}, {"model": "blog.post", "pk": 3, "fields": {"author": 1, "title": "\ub124\uc774\uccd0\ub7ec\ube0c\uba54\ub808, \ubabd\uace8\uc2dc\uc7a5 \uacf5\ub7b5 \uac00\uc18d \uc720\ub7fd\uc9c4\ucd9c \ucd08\uc77d\uae30", "content": "<p>\ud504\ub9ac\ubbf8\uc5c4 \uce5c\ud658\uacbd \uc720\uc544\uc6a9\ud488 \ube0c\ub79c\ub4dc \ub124\uc774\uccd0\ub7ec\ube0c\uba54\ub808\uac00 \ubabd\uace8 \uc2dc\uc7a5\uc5d0 \uc9c4\ucd9c\ud55c \ub370 \uc774\uc5b4 \uc720\uc544\uc6a9\ud488 \ubc15\ub78c\ud68c\uae4c\uc9c0 \uc131\ub8cc\ud588\ub2e4.</p>\r\n\r\n<p>&nbsp;</p>\r\n\r\n<p><strong>\ubabd\uace8 \uc2dc\uc7a5\uc5d0\uc11c \ud55c\ub958 \ud504\ub9ac\ubbf8\uc5c4 \uc720\uc544\uc6a9\ud488\uc744 \uc54c\ub9ac\ub294 \u321c\uc218\ubbf8\ub294 \ubbf8\ud654 30\ub9cc \ubd88 \uc0c1\ub2f9\uc758 \uccab \uc218\ucd9c\uc744 \uc2dc\uc791\uc73c\ub85c \ud604\uc9c0\uc758 \uc720\ud1b5 \ub300\uae30\uc5c5 \ub178\ubbfc\uadf8\ub8f9\uacfc \uc190\uc7a1\uace0 \ubabd\uace8 \uc804\uc5ed\uc73c\ub85c \ub124\uc774\uccd0\ub7ec\ube0c\uba54\ub808(\uc720\uc544\uc6a9\ud488),</strong></p>\r\n\r\n<p>\ub9c8\ub85c\uba54\ub77c(\uc0dd\ub9ac\ub300)\ub97c \uc720\ud1b5\ud558\ub294 \ub4f1 \ubabd\uace8 \uc2dc\uc7a5 \uacf5\ub7b5\uc5d0 \uc18d\ub3c4\ub97c \ub0b4\uace0 \uc788\ub2e4.</p>\r\n\r\n<p>&nbsp;</p>\r\n\r\n<p>\ub178\ubbfc \uadf8\ub8f9\uc740 \uc720\ud1b5, \ubb34\uc5ed, \uae08\uc735, \ubd80\ub3d9\uc0b0, \uc81c\uc870\uc5c5, \uc790\ub3d9\ucc28 \ud310\ub9e4\uc5c5 \ub4f1\uc744 \uc8fc\ub825\uc73c\ub85c \ud558\uace0 \uc788\ub294 \ubabd\uace8\uc758 3\ub300 \uadf8\ub8f9\uc73c\ub85c, \ub85c\ub808\uc54c, \ub9dd\uace0, \ud14c\ub77c\ub178\ubc14, \uc13c\ucd94\ub9ac \ub4f1 \ub2e4\uc218\uc758 \ud504\ub79c\ucc28\uc774\uc988\uae4c\uc9c0 \ubcf4\uc720\ud558\uace0 \uc788\ub2e4.</p>\r\n\r\n<p>\u321c\uc218\ubbf8\uac00 \uc120\ubcf4\uc774\ub294 &lsquo;\ub124\uc774\uccd0\ub7ec\ube0c\uba54\ub808&rsquo;\ub294 \uc544\uc774\uc758 \uc548\uc804\uc744 \ucd5c\uc6b0\uc120\uc73c\ub85c \uc0dd\uac01\ud558\uba70 \uc774\uc5d0 \uce5c\ud658\uacbd \uc6d0\ubd80\uc790\uc7ac\ub97c \uc0ac\uc6a9\ud574 \uc81c\ud488\uc744 \uc0dd\uc0b0\ud558\uace0 \uc788\ub2e4.</p>\r\n\r\n<p>&nbsp;</p>\r\n\r\n<p><img alt=\"\" src=\"https://www.theteflacademy.com/admin/upload/1509535450.jpg\" style=\"height:630px; width:1200px\" /></p>\r\n\r\n<p>&nbsp;</p>\r\n\r\n<p>\uc5ec\uc131 \uc704\uc0dd\uc6a9\ud488 \ube0c\ub79c\ub4dc \ub9c8\ub85c\uba54\ub77c \uc81c\ud488\uc740 \uc608\ubbfc\ud55c \uadf8\ub0a0\uc5d0 \ubab8\uc5d0 \ub9de\uc9c0 \uc54a\ub294 \uc0dd\ub9ac\ub300\ub85c \uace0\ud1b5\uc774 \ubc30\uac00\ub418\ub294 \uc5ec\uc131\ub4e4\uc744 \uc704\ud574 \uc131\ubd84\uc5d0 \uc2e0\uacbd \uc4f4 \ubbff\uc744 \uc218 \uc788\ub294 \uc0c8\ub85c\uc6b4 \uc5ec\uc131\uc6a9\ud488\uc73c\ub85c \uc720\uc544\uc6a9\ud488\uacfc \ud568\uaed8 \ubabd\uace8 \uc804\uc5ed\uc5d0\uc11c \ud310\ub9e4\ub418\uace0 \uc788\ub2e4.</p>\r\n\r\n<p>\ubabd\uace8\uc758 \uc720\uba85 \uc5f0\uc608\uc778 Amarkhuu.B(\ub0a8)\uacfc Ariunzul.O(\uc5ec)\ub97c \ubaa8\ub378\ub85c \uce90\uc2a4\ud305, \uce5c\ud658\uacbd \ube0c\ub79c\ub4dc\ub97c \uc54c\ub9ac\uace0 \uc788\uc73c\uba70, SNS\ub97c \ud1b5\ud574 \ubc15\ub78c\ud68c \ud604\uc7a5\uc744 \uc0dd\ubc29\uc1a1 \uc911\uacc4\ud558\ub294 \ub4f1\uc758 \ud604\uc9c0 \ub9c8\ucf00\ud305\uc5d0\ub3c4 \uc9d1\uc911\ud558\uace0 \uc788\ub2e4.</p>\r\n\r\n<p>\uc5c5\uccb4 \ub2f4\ub2f9\uc790\ub294 &ldquo;\ud604\uc7ac \uc911\uad6d, \ub7ec\uc2dc\uc544, \ub300\ub9cc, \ubca0\ud2b8\ub0a8 \ub4f1 10\uc5ec \uac1c\uad6d\uc5d0 \uc218\ucd9c\uc744 \ud558\uace0 \uc788\uc73c\uba70, \uc138\uacc4 \uac01\uad6d\uc5d0\uc11c \ub7ec\ube0c\ucf5c\uc774 \uc624\uace0 \uc788\ub2e4. \ud5a5\ud6c4 \uc720\ub7fd\uc2dc\uc7a5 \uc9c4\ucd9c\ub3c4 \uc900\ube44\ud558\uace0 \uc788\ub2e4&rdquo;\uace0 \uc804\ud588\ub2e4.</p>\r\n\r\n<p>&nbsp;</p>\r\n\r\n<p>\ud55c\ud3b8, \ub124\uc774\uccd0\ub7ec\ube0c\uba54\ub808\uc758 \ubaa8\ub4e0 \uc81c\ud488\uc740 \uc18c\uc15c\ucee4\uba38\uc2a4, \uc624\ud508\ub9c8\ucf13 \ubc0f \uc885\ud569\ubab0, \uc790\uc0ac \ud648\ud398\uc774\uc9c0 \ubc0f \uc5b4\ud50c\ub9ac\ucf00\uc774\uc158\uacfc \uc804\uad6d\uc758 \uc2a4\ud0c0\ud544\ub4dc \ubc0f \uc090\uc5d0\ub85c \ub9e4\uc7a5\uc5d0\uc11c \ub9cc\ub0a0 \uc218 \uc788\ub2e4.</p>", "thumbnail": "pic_2.png", "created_date": "2019-01-22T13:06:12.119Z", "updated_date": "2019-01-22T06:25:29.678Z"}}, {"model": "blog.post", "pk": 4, "fields": {"author": 1, "title": "Blog title here", "content": "<p><strong>\ud504\ub9ac\ubbf8\uc5c4 \uce5c\ud658\uacbd \uc720\uc544\uc6a9\ud488 \ube0c\ub79c\ub4dc \ub124\uc774\uccd0\ub7ec\ube0c\uba54\ub808\uac00 \ubabd\uace8 \uc2dc\uc7a5\uc5d0 \uc9c4\ucd9c\ud55c \ub370 \uc774\uc5b4 \uc720\uc544\uc6a9\ud488 \ubc15\ub78c\ud68c\uae4c\uc9c0 \uc131\ub8cc\ud588\ub2e4.</strong></p>\r\n\r\n<p>\ubabd\uace8 \uc2dc\uc7a5\uc5d0\uc11c \ud55c\ub958 \ud504\ub9ac\ubbf8\uc5c4 \uc720\uc544\uc6a9\ud488\uc744 \uc54c\ub9ac\ub294 \u321c\uc218\ubbf8\ub294 \ubbf8\ud654 30\ub9cc \ubd88 \uc0c1\ub2f9\uc758 \uccab \uc218\ucd9c\uc744 \uc2dc\uc791\uc73c\ub85c \ud604\uc9c0\uc758 \uc720\ud1b5 \ub300\uae30\uc5c5 \ub178\ubbfc\uadf8\ub8f9\uacfc \uc190\uc7a1\uace0 \ubabd\uace8 \uc804\uc5ed\uc73c\ub85c \ub124\uc774\uccd0\ub7ec\ube0c\uba54\ub808(\uc720\uc544\uc6a9\ud488),</p>\r\n\r\n<p><span class=\"marker\"><u><strong>\ub9c8\ub85c\uba54\ub77c(\uc0dd\ub9ac\ub300)\ub97c \uc720\ud1b5\ud558\ub294 \ub4f1 \ubabd\uace8 \uc2dc\uc7a5 \uacf5\ub7b5\uc5d0 \uc18d\ub3c4\ub97c \ub0b4\uace0 \uc788\ub2e4.</strong></u></span></p>\r\n\r\n<p>&nbsp;</p>\r\n\r\n<p>\ub178\ubbfc \uadf8\ub8f9\uc740 \uc720\ud1b5, \ubb34\uc5ed, \uae08\uc735, \ubd80\ub3d9\uc0b0, \uc81c\uc870\uc5c5, \uc790\ub3d9\ucc28 \ud310\ub9e4\uc5c5 \ub4f1\uc744 \uc8fc\ub825\uc73c\ub85c \ud558\uace0 \uc788\ub294 \ubabd\uace8\uc758 3\ub300 \uadf8\ub8f9\uc73c\ub85c, \ub85c\ub808\uc54c, \ub9dd\uace0, \ud14c\ub77c\ub178\ubc14, \uc13c\ucd94\ub9ac \ub4f1 \ub2e4\uc218\uc758 \ud504\ub79c\ucc28\uc774\uc988\uae4c\uc9c0 \ubcf4\uc720\ud558\uace0 \uc788\ub2e4.</p>\r\n\r\n<p>\u321c\uc218\ubbf8\uac00 \uc120\ubcf4\uc774\ub294 &lsquo;\ub124\uc774\uccd0\ub7ec\ube0c\uba54\ub808&rsquo;\ub294 \uc544\uc774\uc758 \uc548\uc804\uc744 \ucd5c\uc6b0\uc120\uc73c\ub85c \uc0dd\uac01\ud558\uba70 \uc774\uc5d0 \uce5c\ud658\uacbd \uc6d0\ubd80\uc790\uc7ac\ub97c \uc0ac\uc6a9\ud574 \uc81c\ud488\uc744 \uc0dd\uc0b0\ud558\uace0 \uc788\ub2e4.</p>", "thumbnail": "pic_3.png", "created_date": "2019-01-22T10:52:43.007Z", "updated_date": "2019-01-22T10:52:43.007Z"}}, {"model": "thumbnail.kvstore", "pk": "sorl-thumbnail||image||010ce5a673c674733df8e6d0a3eff5d5", "fields": {"value": "{\"size\": [200, 150], \"name\": \"cache/ec/ea/ecea1eda30e38dc40a0a035a9848f750.jpg\", \"storage\": \"django.core.files.storage.FileSystemStorage\"}"}}, {"model": "thumbnail.kvstore", "pk": "sorl-thumbnail||image||02b6412eb24f01110187bef13f4a5d63", "fields": {"value": "{\"size\": [200, 150], \"name\": \"cache/a3/80/a380c6b2c88455349c2ee4ca49fbb059.jpg\", \"storage\": \"django.core.files.storage.FileSystemStorage\"}"}}, {"model": "thumbnail.kvstore", "pk": "sorl-thumbnail||image||02e6cc650ba414b1974677e123222148", "fields": {"value": "{\"name\": \"cache/02/1f/021f9edf7ca8944d4e63d7f3b2aaac2c.jpg\", \"storage\": \"django.core.files.storage.FileSystemStorage\", \"size\": [250, 150]}"}}, {"model": "thumbnail.kvstore", "pk": "sorl-thumbnail||image||03d9065eafd5aa9c948fddae7e988bf8", "fields": {"value": "{\"name\": \"thumbnails/030204_sum.jpg\", \"storage\": \"django.core.files.storage.FileSystemStorage\", \"size\": [694, 496]}"}}, {"model": "thumbnail.kvstore", "pk": "sorl-thumbnail||image||052cc088804f688b20db19867fbde62c", "fields": {"value": "{\"size\": [200, 150], \"name\": \"thumbnails/detergent_18_nTtIiFJ.jpg\", \"storage\": \"django.core.files.storage.FileSystemStorage\"}"}}, {"model": "thumbnail.kvstore", "pk": "sorl-thumbnail||image||0875dae24b69d0f7f9c42104019947ea", "fields": {"value": "{\"size\": [200, 150], \"name\": \"thumbnails/detergent_11_0BvEj4L.jpg\", \"storage\": \"django.core.files.storage.FileSystemStorage\"}"}}, {"model": "thumbnail.kvstore", "pk": "sorl-thumbnail||image||0c509e9dab54b657d7d9c2b3e4be3882", "fields": {"value": "{\"size\": [200, 150], \"name\": \"thumbnails/Skin_3_Ebuz9Pr.jpg\", \"storage\": \"django.core.files.storage.FileSystemStorage\"}"}}, {"model": "thumbnail.kvstore", "pk": "sorl-thumbnail||image||0ec30a4bd65736f470ee6d902eba1ec2", "fields": {"value": "{\"size\": [200, 150], \"name\": \"thumbnails/detergent_14_VnPS4Ot.jpg\", \"storage\": \"django.core.files.storage.FileSystemStorage\"}"}}, {"model": "thumbnail.kvstore", "pk": "sorl-thumbnail||image||1120a722336e53be29c105c05dc012ae", "fields": {"value": "{\"name\": \"thumbnails/030106_sum.jpg\", \"storage\": \"django.core.files.storage.FileSystemStorage\", \"size\": [694, 496]}"}}, {"model": "thumbnail.kvstore", "pk": "sorl-thumbnail||image||11901b81c12d8e286da162ba43033cba", "fields": {"value": "{\"name\": \"thumbnails/030105_sum.jpg\", \"storage\": \"django.core.files.storage.FileSystemStorage\", \"size\": [694, 496]}"}}, {"model": "thumbnail.kvstore", "pk": "sorl-thumbnail||image||11a425a0ea5a0cc8e0239fc39cba930a", "fields": {"value": "{\"size\": [200, 150], \"name\": \"thumbnails/wet-tissue_2_NEDHACK.jpg\", \"storage\": \"django.core.files.storage.FileSystemStorage\"}"}}, {"model": "thumbnail.kvstore", "pk": "sorl-thumbnail||image||1287b1ea0ebee78e77dc309d4e3b4367", "fields": {"value": "{\"size\": [200, 150], \"name\": \"cache/fd/ff/fdff269a944787037fa74a4a010307eb.jpg\", \"storage\": \"django.core.files.storage.FileSystemStorage\"}"}}, {"model": "thumbnail.kvstore", "pk": "sorl-thumbnail||image||1567affc16e917b79b728004e8a98870", "fields": {"value": "{\"size\": [200, 150], \"name\": \"cache/de/9b/de9bdae5ee2060f619574acb08ff5189.jpg\", \"storage\": \"django.core.files.storage.FileSystemStorage\"}"}}, {"model": "thumbnail.kvstore", "pk": "sorl-thumbnail||image||15e50790d4b6385420a6ebb5fa90b064", "fields": {"value": "{\"size\": [200, 150], \"name\": \"thumbnails/detergent_23_0AXfnn5.jpg\", \"storage\": \"django.core.files.storage.FileSystemStorage\"}"}}, {"model": "thumbnail.kvstore", "pk": "sorl-thumbnail||image||188d16d2b768e2ebea812b8533579fc0", "fields": {"value": "{\"size\": [200, 150], \"name\": \"thumbnails/Dishsoap_5_KodHknC.jpg\", \"storage\": \"django.core.files.storage.FileSystemStorage\"}"}}, {"model": "thumbnail.kvstore", "pk": "sorl-thumbnail||image||1a0ad5c962107b6d650d3b9d5f83a8d3", "fields": {"value": "{\"size\": [200, 150], \"name\": \"cache/f5/00/f500fb1dff4bb65954ded6bc57684682.jpg\", \"storage\": \"django.core.files.storage.FileSystemStorage\"}"}}, {"model": "thumbnail.kvstore", "pk": "sorl-thumbnail||image||1af9996fb6feb3c0562a85f7fb797f13", "fields": {"value": "{\"name\": \"cache/25/bf/25bf28078b5de9ddfc16d71cc106c302.jpg\", \"storage\": \"django.core.files.storage.FileSystemStorage\", \"size\": [300, 200]}"}}, {"model": "thumbnail.kvstore", "pk": "sorl-thumbnail||image||1d741a5df238c5dde159e20a7be7f5c7", "fields": {"value": "{\"size\": [200, 150], \"name\": \"cache/bf/be/bfbe57553a744fa37c49652e00cdb8ce.jpg\", \"storage\": \"django.core.files.storage.FileSystemStorage\"}"}}, {"model": "thumbnail.kvstore", "pk": "sorl-thumbnail||image||1df3a633715782fb8743caec42b223bc", "fields": {"value": "{\"name\": \"thumbnails/Screenshot_from_2019-01-18_12-14-53.png\", \"storage\": \"django.core.files.storage.FileSystemStorage\", \"size\": [1127, 458]}"}}, {"model": "thumbnail.kvstore", "pk": "sorl-thumbnail||image||1fbb50949d16b7f05c2dbaa91e5872ce", "fields": {"value": "{\"name\": \"cache/4e/3c/4e3c653c8e2fad882534f3d0792ef9e3.jpg\", \"storage\": \"django.core.files.storage.FileSystemStorage\", \"size\": [492, 200]}"}}, {"model": "thumbnail.kvstore", "pk": "sorl-thumbnail||image||20a8e2c5b9fc75d00be375f2f6b838e7", "fields": {"value": "{\"size\": [200, 150], \"name\": \"thumbnails/detergent_4_NcKOrQB.jpg\", \"storage\": \"django.core.files.storage.FileSystemStorage\"}"}}, {"model": "thumbnail.kvstore", "pk": "sorl-thumbnail||image||212b13fa2b9ffc70ee0e6f38b9b2835e", "fields": {"value": "{\"size\": [200, 150], \"name\": \"cache/4d/ea/4deaa4980e2ee9c0537e2b269b82e84d.jpg\", \"storage\": \"django.core.files.storage.FileSystemStorage\"}"}}, {"model": "thumbnail.kvstore", "pk": "sorl-thumbnail||image||24a5b6ba63f6bf512b3b6918177e420b", "fields": {"value": "{\"size\": [200, 150], \"name\": \"cache/f7/6f/f76fad840991de9b62e831973bf10021.jpg\", \"storage\": \"django.core.files.storage.FileSystemStorage\"}"}}, {"model": "thumbnail.kvstore", "pk": "sorl-thumbnail||image||24b5c4827eb6065d10f0a33ddc8b798d", "fields": {"value": "{\"size\": [200, 150], \"name\": \"cache/f5/7d/f57de08e88654405007a68e5e5d43b76.jpg\", \"storage\": \"django.core.files.storage.FileSystemStorage\"}"}}, {"model": "thumbnail.kvstore", "pk": "sorl-thumbnail||image||24d6e75c7321c7d0a81faaec257334a0", "fields": {"value": "{\"name\": \"cache/bd/27/bd27f4b8b1fe00fcde6cb1921ec44058.jpg\", \"storage\": \"django.core.files.storage.FileSystemStorage\", \"size\": [200, 150]}"}}, {"model": "thumbnail.kvstore", "pk": "sorl-thumbnail||image||2c0bf97a78e7b330ec29620c8120330a", "fields": {"value": "{\"size\": [200, 150], \"name\": \"cache/06/79/0679edc9ca359dd0ae943e4784fa5f83.jpg\", \"storage\": \"django.core.files.storage.FileSystemStorage\"}"}}, {"model": "thumbnail.kvstore", "pk": "sorl-thumbnail||image||2db9dc2cca76dfbda5d25284ad25440a", "fields": {"value": "{\"size\": [200, 150], \"name\": \"thumbnails/detergent_28_5YEPz7y.jpg\", \"storage\": \"django.core.files.storage.FileSystemStorage\"}"}}, {"model": "thumbnail.kvstore", "pk": "sorl-thumbnail||image||301153b9066563b6c6ee28170c9ad54f", "fields": {"value": "{\"name\": \"thumbnails/030202_sum_UntzAfr.jpg\", \"storage\": \"django.core.files.storage.FileSystemStorage\", \"size\": [694, 496]}"}}, {"model": "thumbnail.kvstore", "pk": "sorl-thumbnail||image||314e5fbaa849362c05cf276a03c20844", "fields": {"value": "{\"size\": [200, 150], \"name\": \"cache/b7/e5/b7e5dcffdd492f9a30451bf07fdecd19.jpg\", \"storage\": \"django.core.files.storage.FileSystemStorage\"}"}}, {"model": "thumbnail.kvstore", "pk": "sorl-thumbnail||image||3242d366ea02654ba6c1a7f6a70a38c1", "fields": {"value": "{\"size\": [200, 150], \"name\": \"cache/de/be/debe66eecd475d73881efe697e515c8b.jpg\", \"storage\": \"django.core.files.storage.FileSystemStorage\"}"}}, {"model": "thumbnail.kvstore", "pk": "sorl-thumbnail||image||33f13cbba66a1cd52e4d3325f120a617", "fields": {"value": "{\"size\": [200, 150], \"name\": \"cache/0b/f8/0bf8dec5e0bff4054c08523c4b263a1d.jpg\", \"storage\": \"django.core.files.storage.FileSystemStorage\"}"}}, {"model": "thumbnail.kvstore", "pk": "sorl-thumbnail||image||34781c7f8bacbd2622619d89e8ffcd7e", "fields": {"value": "{\"size\": [200, 150], \"name\": \"cache/74/ef/74efeb61a6eea2aaa596ed78e8d1d38e.jpg\", \"storage\": \"django.core.files.storage.FileSystemStorage\"}"}}, {"model": "thumbnail.kvstore", "pk": "sorl-thumbnail||image||3520a527c54baf7089c58defba86d1de", "fields": {"value": "{\"size\": [200, 150], \"name\": \"thumbnails/Dishsoap_1_6yOPuy2.jpg\", \"storage\": \"django.core.files.storage.FileSystemStorage\"}"}}, {"model": "thumbnail.kvstore", "pk": "sorl-thumbnail||image||37af839af5b83a2ec62622b9b325b7d5", "fields": {"value": "{\"name\": \"thumbnails/030104_sum.jpg\", \"storage\": \"django.core.files.storage.FileSystemStorage\", \"size\": [694, 496]}"}}, {"model": "thumbnail.kvstore", "pk": "sorl-thumbnail||image||3938acd21faa1f465963bea926f69faa", "fields": {"value": "{\"size\": [200, 150], \"name\": \"cache/21/4a/214a38bed8b9cab3a5f06b1bb75cefc6.jpg\", \"storage\": \"django.core.files.storage.FileSystemStorage\"}"}}, {"model": "thumbnail.kvstore", "pk": "sorl-thumbnail||image||39e81c0abcfee52d837c5f5701b1442b", "fields": {"value": "{\"name\": \"cache/51/fb/51fb71dd4a88a0449d53229594ff25ac.jpg\", \"storage\": \"django.core.files.storage.FileSystemStorage\", \"size\": [250, 150]}"}}, {"model": "thumbnail.kvstore", "pk": "sorl-thumbnail||image||3f3496ed3dc3acec92b4a6dce02c0f77", "fields": {"value": "{\"size\": [200, 150], \"name\": \"thumbnails/detergent_25_Z5NK0k4.jpg\", \"storage\": \"django.core.files.storage.FileSystemStorage\"}"}}, {"model": "thumbnail.kvstore", "pk": "sorl-thumbnail||image||435666bdf5105702f5834a2616fac983", "fields": {"value": "{\"size\": [200, 150], \"name\": \"cache/15/12/1512e2133f6c679175f64c89951c6fb1.jpg\", \"storage\": \"django.core.files.storage.FileSystemStorage\"}"}}, {"model": "thumbnail.kvstore", "pk": "sorl-thumbnail||image||43e1de92994901112972c015e4a1f42a", "fields": {"value": "{\"size\": [200, 150], \"name\": \"thumbnails/detergent_2_VEV9aZS.jpg\", \"storage\": \"django.core.files.storage.FileSystemStorage\"}"}}, {"model": "thumbnail.kvstore", "pk": "sorl-thumbnail||image||48343ca722207c4b2b55aebd334dd38e", "fields": {"value": "{\"size\": [200, 150], \"name\": \"cache/9c/7f/9c7f529f8d7a15490308ecf4467d022a.jpg\", \"storage\": \"django.core.files.storage.FileSystemStorage\"}"}}, {"model": "thumbnail.kvstore", "pk": "sorl-thumbnail||image||49740e32526e0c751bec7568be8d229a", "fields": {"value": "{\"size\": [200, 150], \"name\": \"cache/65/50/6550e7d103e10cb3d27670075e764304.jpg\", \"storage\": \"django.core.files.storage.FileSystemStorage\"}"}}, {"model": "thumbnail.kvstore", "pk": "sorl-thumbnail||image||4ae8017c2da5d7b428178f963096ab23", "fields": {"value": "{\"name\": \"cache/f2/0f/f20fde12e60ba392b91406f632352031.jpg\", \"storage\": \"django.core.files.storage.FileSystemStorage\", \"size\": [200, 150]}"}}, {"model": "thumbnail.kvstore", "pk": "sorl-thumbnail||image||4bc58fa085beeeaeb0f2409c549f4bd7", "fields": {"value": "{\"name\": \"thumbnails/030102_sum.jpg\", \"storage\": \"django.core.files.storage.FileSystemStorage\", \"size\": [694, 496]}"}}, {"model": "thumbnail.kvstore", "pk": "sorl-thumbnail||image||4cd2d0d0b4de196cf1e51ad32db6c017", "fields": {"value": "{\"name\": \"cache/d7/e5/d7e58048e4672055ba9d024ea67718a8.jpg\", \"storage\": \"django.core.files.storage.FileSystemStorage\", \"size\": [250, 150]}"}}, {"model": "thumbnail.kvstore", "pk": "sorl-thumbnail||image||4d27af3ac426bd37ece02828c8fccba3", "fields": {"value": "{\"size\": [200, 150], \"name\": \"cache/1b/91/1b91c0c64281831c735df21c8b628984.jpg\", \"storage\": \"django.core.files.storage.FileSystemStorage\"}"}}, {"model": "thumbnail.kvstore", "pk": "sorl-thumbnail||image||534300186e7561d1993f944fb37d80e0", "fields": {"value": "{\"name\": \"cache/60/44/60444e5dd64f0cccae8fda8e3470e18b.jpg\", \"storage\": \"django.core.files.storage.FileSystemStorage\", \"size\": [200, 150]}"}}, {"model": "thumbnail.kvstore", "pk": "sorl-thumbnail||image||539ef3e6a94c61c34f284786321ce884", "fields": {"value": "{\"name\": \"thumbnails/030203_sum.jpg\", \"storage\": \"django.core.files.storage.FileSystemStorage\", \"size\": [694, 496]}"}}, {"model": "thumbnail.kvstore", "pk": "sorl-thumbnail||image||541590c6ad0362ca8195da62625cb4f8", "fields": {"value": "{\"name\": \"cache/87/5a/875a66b2e04c99d32365036f8ee2be9b.jpg\", \"storage\": \"django.core.files.storage.FileSystemStorage\", \"size\": [200, 150]}"}}, {"model": "thumbnail.kvstore", "pk": "sorl-thumbnail||image||57ca0dbf3801ac834812416e39a0bee3", "fields": {"value": "{\"size\": [200, 150], \"name\": \"thumbnails/detergent_24_WtSAXOt.jpg\", \"storage\": \"django.core.files.storage.FileSystemStorage\"}"}}, {"model": "thumbnail.kvstore", "pk": "sorl-thumbnail||image||57da0120f3bfc70e8126b427f9e693c6", "fields": {"value": "{\"size\": [200, 150], \"name\": \"thumbnails/Dishsoap_7_X8Vj6em.jpg\", \"storage\": \"django.core.files.storage.FileSystemStorage\"}"}}, {"model": "thumbnail.kvstore", "pk": "sorl-thumbnail||image||58053c34cbc276e119309cd3136c4c89", "fields": {"value": "{\"size\": [200, 150], \"name\": \"thumbnails/detergent_1_ze0d3GH.jpg\", \"storage\": \"django.core.files.storage.FileSystemStorage\"}"}}, {"model": "thumbnail.kvstore", "pk": "sorl-thumbnail||image||5a69585b7ea2f63e6a9a85b0695f5316", "fields": {"value": "{\"name\": \"cache/2e/6c/2e6ca88a7403e91fcd5285401bb9eddc.jpg\", \"storage\": \"django.core.files.storage.FileSystemStorage\", \"size\": [250, 150]}"}}, {"model": "thumbnail.kvstore", "pk": "sorl-thumbnail||image||5ad21892e280ee9788e5d00c3eae19e5", "fields": {"value": "{\"size\": [200, 150], \"name\": \"thumbnails/detergent_3_H1Idwap.jpg\", \"storage\": \"django.core.files.storage.FileSystemStorage\"}"}}, {"model": "thumbnail.kvstore", "pk": "sorl-thumbnail||image||616f995227f41aa7734c33f061def539", "fields": {"value": "{\"size\": [200, 150], \"name\": \"thumbnails/detergent_20_D1qIM3J.jpg\", \"storage\": \"django.core.files.storage.FileSystemStorage\"}"}}, {"model": "thumbnail.kvstore", "pk": "sorl-thumbnail||image||61e20ac61f61124ad2a0bd111a6114d0", "fields": {"value": "{\"size\": [200, 150], \"name\": \"cache/de/1b/de1ba3fd4bb1cfe4cb4aae435742b067.jpg\", \"storage\": \"django.core.files.storage.FileSystemStorage\"}"}}, {"model": "thumbnail.kvstore", "pk": "sorl-thumbnail||image||6830d5c40bef6081719dcbda89de594e", "fields": {"value": "{\"size\": [200, 150], \"name\": \"thumbnails/Dishsoap_3_NabuT8g.jpg\", \"storage\": \"django.core.files.storage.FileSystemStorage\"}"}}, {"model": "thumbnail.kvstore", "pk": "sorl-thumbnail||image||6c4895edbb0567d682e8f9c8fcb9ecc1", "fields": {"value": "{\"size\": [200, 150], \"name\": \"cache/07/49/0749d43f691b514822f1a420b55b37f2.jpg\", \"storage\": \"django.core.files.storage.FileSystemStorage\"}"}}, {"model": "thumbnail.kvstore", "pk": "sorl-thumbnail||image||6ca762135ba07903a6b4fe52c6984cd3", "fields": {"value": "{\"name\": \"cache/86/fa/86fa1ea9355781a8f22311cb275c3700.jpg\", \"storage\": \"django.core.files.storage.FileSystemStorage\", \"size\": [200, 150]}"}}, {"model": "thumbnail.kvstore", "pk": "sorl-thumbnail||image||6ded708d3ee78cfbeae07d8bf8cff24a", "fields": {"value": "{\"name\": \"cache/0a/9e/0a9ef608c4d180d6f1e82a91e9883a13.jpg\", \"storage\": \"django.core.files.storage.FileSystemStorage\", \"size\": [200, 150]}"}}, {"model": "thumbnail.kvstore", "pk": "sorl-thumbnail||image||702f3e24b8b0199989a20d72b5ab7d1b", "fields": {"value": "{\"size\": [200, 150], \"name\": \"cache/05/01/050115a669a2996eabd37a4b050864ac.jpg\", \"storage\": \"django.core.files.storage.FileSystemStorage\"}"}}, {"model": "thumbnail.kvstore", "pk": "sorl-thumbnail||image||74ad0fe1cb480b84e0b1249bad06c808", "fields": {"value": "{\"size\": [200, 150], \"name\": \"thumbnails/detergent_21_1o2J58h.jpg\", \"storage\": \"django.core.files.storage.FileSystemStorage\"}"}}, {"model": "thumbnail.kvstore", "pk": "sorl-thumbnail||image||7c0dd45b55f1214e9c252725a5417336", "fields": {"value": "{\"size\": [200, 150], \"name\": \"cache/cc/f1/ccf171c613e36cb0b206ece0275e5f2b.jpg\", \"storage\": \"django.core.files.storage.FileSystemStorage\"}"}}, {"model": "thumbnail.kvstore", "pk": "sorl-thumbnail||image||7d503b30e118da58049390aa92528341", "fields": {"value": "{\"size\": [200, 150], \"name\": \"thumbnails/Skin_2_oXgQXjo.jpg\", \"storage\": \"django.core.files.storage.FileSystemStorage\"}"}}, {"model": "thumbnail.kvstore", "pk": "sorl-thumbnail||image||7e8fd5535c2055818ae0bfa1fa4f8e58", "fields": {"value": "{\"size\": [200, 150], \"name\": \"thumbnails/Dishsoap_4_ZSysNuf.jpg\", \"storage\": \"django.core.files.storage.FileSystemStorage\"}"}}, {"model": "thumbnail.kvstore", "pk": "sorl-thumbnail||image||7f0d9c30847a56884839fbf34bed48a8", "fields": {"value": "{\"name\": \"cache/97/7f/977f3193125358c85aaf17ed7708f22e.jpg\", \"storage\": \"django.core.files.storage.FileSystemStorage\", \"size\": [280, 200]}"}}, {"model": "thumbnail.kvstore", "pk": "sorl-thumbnail||image||7f11a5a66b6ed152860ee35067017500", "fields": {"value": "{\"name\": \"thumbnails/030303_sum.jpg\", \"storage\": \"django.core.files.storage.FileSystemStorage\", \"size\": [694, 496]}"}}, {"model": "thumbnail.kvstore", "pk": "sorl-thumbnail||image||8206fb3a95e75cf7565f196ab64dc234", "fields": {"value": "{\"size\": [200, 150], \"name\": \"cache/0a/35/0a35d2fc6043bba90036c8a6e718a26e.jpg\", \"storage\": \"django.core.files.storage.FileSystemStorage\"}"}}, {"model": "thumbnail.kvstore", "pk": "sorl-thumbnail||image||84ddf4b1f277e8e7c6501618d960dd18", "fields": {"value": "{\"size\": [200, 150], \"name\": \"thumbnails/wet-tissue_1_2dKSYUC.jpg\", \"storage\": \"django.core.files.storage.FileSystemStorage\"}"}}, {"model": "thumbnail.kvstore", "pk": "sorl-thumbnail||image||89558a09eeb73968c573eebaf21e97e2", "fields": {"value": "{\"size\": [200, 150], \"name\": \"thumbnails/detergent_9_PCRoayd.jpg\", \"storage\": \"django.core.files.storage.FileSystemStorage\"}"}}, {"model": "thumbnail.kvstore", "pk": "sorl-thumbnail||image||8becc94910649f92e1667fdd0ae4d362", "fields": {"value": "{\"size\": [200, 150], \"name\": \"cache/19/f8/19f8eb3ed910f82c6e8c79f1fe56819d.jpg\", \"storage\": \"django.core.files.storage.FileSystemStorage\"}"}}, {"model": "thumbnail.kvstore", "pk": "sorl-thumbnail||image||919f5cf2cc7c25453cf0488ab61fb4ab", "fields": {"value": "{\"size\": [200, 150], \"name\": \"cache/bf/5d/bf5d2ea6232bd7a7f5d51ee4b65c873d.jpg\", \"storage\": \"django.core.files.storage.FileSystemStorage\"}"}}, {"model": "thumbnail.kvstore", "pk": "sorl-thumbnail||image||935af4e000dd37a2f854de24a5d0ff50", "fields": {"value": "{\"size\": [200, 150], \"name\": \"thumbnails/detergent_21_fNiZDPJ.jpg\", \"storage\": \"django.core.files.storage.FileSystemStorage\"}"}}, {"model": "thumbnail.kvstore", "pk": "sorl-thumbnail||image||99c2e23050d72c2b255c7aa7984d2754", "fields": {"value": "{\"size\": [200, 150], \"name\": \"thumbnails/detergent_26_e61Ofna.jpg\", \"storage\": \"django.core.files.storage.FileSystemStorage\"}"}}, {"model": "thumbnail.kvstore", "pk": "sorl-thumbnail||image||99e51ac7fc3fdab663419d824a3c557f", "fields": {"value": "{\"name\": \"cache/2c/c3/2cc344f7faaff07231dd28c320d4a869.jpg\", \"storage\": \"django.core.files.storage.FileSystemStorage\", \"size\": [280, 200]}"}}, {"model": "thumbnail.kvstore", "pk": "sorl-thumbnail||image||9a683fefdba5162d08e58ba18e6b0f86", "fields": {"value": "{\"name\": \"cache/f8/6b/f86bf66fffee23c392dfe55c69b316b0.jpg\", \"storage\": \"django.core.files.storage.FileSystemStorage\", \"size\": [280, 200]}"}}, {"model": "thumbnail.kvstore", "pk": "sorl-thumbnail||image||9b3e7e6d8ca213f82ea194c5070caadc", "fields": {"value": "{\"size\": [200, 150], \"name\": \"cache/a7/4e/a74eedf84fd1fae06285427c50a42b75.jpg\", \"storage\": \"django.core.files.storage.FileSystemStorage\"}"}}, {"model": "thumbnail.kvstore", "pk": "sorl-thumbnail||image||9b5b15d727b9735cb4a9fee91029f2bb", "fields": {"value": "{\"size\": [200, 150], \"name\": \"cache/4a/36/4a363a1afabbdbbf5cc63bf3980ec3ed.jpg\", \"storage\": \"django.core.files.storage.FileSystemStorage\"}"}}, {"model": "thumbnail.kvstore", "pk": "sorl-thumbnail||image||9b6e9a6d7192be58081415bf78729cf4", "fields": {"value": "{\"name\": \"cache/57/b7/57b7e1552c453628852d938839b18cc0.jpg\", \"storage\": \"django.core.files.storage.FileSystemStorage\", \"size\": [100, 100]}"}}, {"model": "thumbnail.kvstore", "pk": "sorl-thumbnail||image||9ca0ded23b0733c7b4886f9ba69d8041", "fields": {"value": "{\"size\": [200, 150], \"name\": \"cache/cc/5b/cc5b4ac303bae174bf8cd811683483d2.jpg\", \"storage\": \"django.core.files.storage.FileSystemStorage\"}"}}, {"model": "thumbnail.kvstore", "pk": "sorl-thumbnail||image||9d301cf151cb3c26c518e1383f6ffd64", "fields": {"value": "{\"size\": [200, 150], \"name\": \"cache/e4/c6/e4c6a979f7d2054c3aa300c437fbf6bf.jpg\", \"storage\": \"django.core.files.storage.FileSystemStorage\"}"}}, {"model": "thumbnail.kvstore", "pk": "sorl-thumbnail||image||9d4dc7a9970ca7e89d5cf89d1421f129", "fields": {"value": "{\"name\": \"cache/9f/0b/9f0bf6a63764fc981754d8e96830e22b.jpg\", \"storage\": \"django.core.files.storage.FileSystemStorage\", \"size\": [200, 150]}"}}, {"model": "thumbnail.kvstore", "pk": "sorl-thumbnail||image||a0aabf69b222a0ace24f8f2949e97284", "fields": {"value": "{\"size\": [200, 150], \"name\": \"cache/12/f6/12f6a676653cd8599454844a49f0d4d3.jpg\", \"storage\": \"django.core.files.storage.FileSystemStorage\"}"}}, {"model": "thumbnail.kvstore", "pk": "sorl-thumbnail||image||a0f710df32057cb1ffc7ce481d881ab5", "fields": {"value": "{\"size\": [200, 150], \"name\": \"cache/7f/22/7f225b08cb88fdffb83fe72b043edeaf.jpg\", \"storage\": \"django.core.files.storage.FileSystemStorage\"}"}}, {"model": "thumbnail.kvstore", "pk": "sorl-thumbnail||image||a338159ec191825d9c86d5ce92314a8d", "fields": {"value": "{\"name\": \"thumbnails/030211_sum.jpg\", \"storage\": \"django.core.files.storage.FileSystemStorage\", \"size\": [694, 496]}"}}, {"model": "thumbnail.kvstore", "pk": "sorl-thumbnail||image||a4a3f8d35656682385143b15f3ccf8cf", "fields": {"value": "{\"size\": [200, 150], \"name\": \"cache/5e/be/5ebe0b9d45709cb78a7322b813842d65.jpg\", \"storage\": \"django.core.files.storage.FileSystemStorage\"}"}}, {"model": "thumbnail.kvstore", "pk": "sorl-thumbnail||image||a5c8b171afd16dece5586c158a68921e", "fields": {"value": "{\"size\": [200, 150], \"name\": \"thumbnails/detergent_28_UZorV8W.jpg\", \"storage\": \"django.core.files.storage.FileSystemStorage\"}"}}, {"model": "thumbnail.kvstore", "pk": "sorl-thumbnail||image||a769b62cf4cd242995b0c30176caf310", "fields": {"value": "{\"size\": [200, 150], \"name\": \"thumbnails/Skin_1_Lbqbomg.jpg\", \"storage\": \"django.core.files.storage.FileSystemStorage\"}"}}, {"model": "thumbnail.kvstore", "pk": "sorl-thumbnail||image||acba8ef48a1351dc18eca5e0e7574588", "fields": {"value": "{\"name\": \"cache/a6/f3/a6f30e9ddf381c4f0a732b787d21d3fb.jpg\", \"storage\": \"django.core.files.storage.FileSystemStorage\", \"size\": [200, 150]}"}}, {"model": "thumbnail.kvstore", "pk": "sorl-thumbnail||image||ad7ea50fafcf805590810fb232afcdfa", "fields": {"value": "{\"size\": [200, 150], \"name\": \"cache/15/34/153492c1fc81bba30e32fbd4a02ebdaa.jpg\", \"storage\": \"django.core.files.storage.FileSystemStorage\"}"}}, {"model": "thumbnail.kvstore", "pk": "sorl-thumbnail||image||b00c3f343430577231f5f563289a396c", "fields": {"value": "{\"size\": [200, 150], \"name\": \"thumbnails/detergent_6_EXaWCXC.jpg\", \"storage\": \"django.core.files.storage.FileSystemStorage\"}"}}, {"model": "thumbnail.kvstore", "pk": "sorl-thumbnail||image||b1360d1dce6326206f3b88591ec33478", "fields": {"value": "{\"name\": \"cache/76/e4/76e4d9429f61cfa40195b5fb5a1d9968.jpg\", \"storage\": \"django.core.files.storage.FileSystemStorage\", \"size\": [200, 150]}"}}, {"model": "thumbnail.kvstore", "pk": "sorl-thumbnail||image||b3e54d9691cd88f2f8046f87ba1405fb", "fields": {"value": "{\"size\": [200, 150], \"name\": \"thumbnails/detergent_17_OZD8pSR.jpg\", \"storage\": \"django.core.files.storage.FileSystemStorage\"}"}}, {"model": "thumbnail.kvstore", "pk": "sorl-thumbnail||image||b48170c6f4ae95eb597ac6aa76ef4c4e", "fields": {"value": "{\"size\": [200, 150], \"name\": \"thumbnails/detergent_27_hHH5c1H.jpg\", \"storage\": \"django.core.files.storage.FileSystemStorage\"}"}}, {"model": "thumbnail.kvstore", "pk": "sorl-thumbnail||image||b5494bc5ad091178d794b7b3069ffe39", "fields": {"value": "{\"name\": \"cache/90/b9/90b990d522854d36b5d54f7328773de4.jpg\", \"storage\": \"django.core.files.storage.FileSystemStorage\", \"size\": [200, 150]}"}}, {"model": "thumbnail.kvstore", "pk": "sorl-thumbnail||image||b7cda2f92c6f6417e011391d890f0b7e", "fields": {"value": "{\"size\": [200, 150], \"name\": \"thumbnails/detergent_12_PbyWIJk.jpg\", \"storage\": \"django.core.files.storage.FileSystemStorage\"}"}}, {"model": "thumbnail.kvstore", "pk": "sorl-thumbnail||image||bde5a8be42ce10f1ca3b940e27639a69", "fields": {"value": "{\"name\": \"thumbnails/030107_sum.jpg\", \"storage\": \"django.core.files.storage.FileSystemStorage\", \"size\": [694, 496]}"}}, {"model": "thumbnail.kvstore", "pk": "sorl-thumbnail||image||c12b87b241aa67ad2301662564a5ea45", "fields": {"value": "{\"size\": [200, 150], \"name\": \"cache/22/30/22308a05889b38d19038206c6e7360df.jpg\", \"storage\": \"django.core.files.storage.FileSystemStorage\"}"}}, {"model": "thumbnail.kvstore", "pk": "sorl-thumbnail||image||c15e3a3c321b867389378f47d921fae4", "fields": {"value": "{\"size\": [200, 150], \"name\": \"thumbnails/detergent_16_hnnYEGg.jpg\", \"storage\": \"django.core.files.storage.FileSystemStorage\"}"}}, {"model": "thumbnail.kvstore", "pk": "sorl-thumbnail||image||c243cce2608d3a38c070e6eee0d8a3fd", "fields": {"value": "{\"size\": [200, 150], \"name\": \"cache/25/52/25524f01c913c67e1f7d7fe7b86976fa.jpg\", \"storage\": \"django.core.files.storage.FileSystemStorage\"}"}}, {"model": "thumbnail.kvstore", "pk": "sorl-thumbnail||image||c2a8de96e72ae34ed2adf76d738082ee", "fields": {"value": "{\"size\": [200, 150], \"name\": \"thumbnails/Gift_gYiinAy.jpg\", \"storage\": \"django.core.files.storage.FileSystemStorage\"}"}}, {"model": "thumbnail.kvstore", "pk": "sorl-thumbnail||image||c4217659520a7e4abd7a8e0a6cfa7e09", "fields": {"value": "{\"size\": [200, 150], \"name\": \"cache/6b/b0/6bb0bb615719d8390c70c62c798379b5.jpg\", \"storage\": \"django.core.files.storage.FileSystemStorage\"}"}}, {"model": "thumbnail.kvstore", "pk": "sorl-thumbnail||image||c5c11a5db9ee7459ffcba3bb55531fdd", "fields": {"value": "{\"name\": \"cache/de/88/de88646ece202c6a5a505cb4a5e3f4e1.jpg\", \"storage\": \"django.core.files.storage.FileSystemStorage\", \"size\": [280, 200]}"}}, {"model": "thumbnail.kvstore", "pk": "sorl-thumbnail||image||c718fa84fe0dcfdb9b701ce6bbc7c5ce", "fields": {"value": "{\"size\": [200, 150], \"name\": \"cache/27/f0/27f0a0afd878156f603b3008ab0fa3fd.jpg\", \"storage\": \"django.core.files.storage.FileSystemStorage\"}"}}, {"model": "thumbnail.kvstore", "pk": "sorl-thumbnail||image||c7bf88a9d3ee753df4fed18db1753883", "fields": {"value": "{\"size\": [200, 150], \"name\": \"thumbnails/detergent_22_FUH2HkX.jpg\", \"storage\": \"django.core.files.storage.FileSystemStorage\"}"}}, {"model": "thumbnail.kvstore", "pk": "sorl-thumbnail||image||c7c49d7f21190c8e2e495283b62ccfc8", "fields": {"value": "{\"name\": \"cache/e8/d7/e8d744574c08a1682f1695e630e5cb67.jpg\", \"storage\": \"django.core.files.storage.FileSystemStorage\", \"size\": [280, 200]}"}}, {"model": "thumbnail.kvstore", "pk": "sorl-thumbnail||image||c7cf69209c2867e1d9a590bf5c427543", "fields": {"value": "{\"name\": \"thumbnails/030202_sum.jpg\", \"storage\": \"django.core.files.storage.FileSystemStorage\", \"size\": [694, 496]}"}}, {"model": "thumbnail.kvstore", "pk": "sorl-thumbnail||image||c8031006017e595a5be8118be17e6826", "fields": {"value": "{\"size\": [200, 150], \"name\": \"thumbnails/detergent_13_AHIkVyZ.jpg\", \"storage\": \"django.core.files.storage.FileSystemStorage\"}"}}, {"model": "thumbnail.kvstore", "pk": "sorl-thumbnail||image||c85ecfcb0bc77d4b4323319847710f95", "fields": {"value": "{\"size\": [200, 150], \"name\": \"thumbnails/Dishsoap_2_kd11aPi.jpg\", \"storage\": \"django.core.files.storage.FileSystemStorage\"}"}}, {"model": "thumbnail.kvstore", "pk": "sorl-thumbnail||image||cd825a883299b27e642babe08a9200e7", "fields": {"value": "{\"name\": \"thumbnails/030201_sum.jpg\", \"storage\": \"django.core.files.storage.FileSystemStorage\", \"size\": [694, 496]}"}}, {"model": "thumbnail.kvstore", "pk": "sorl-thumbnail||image||cdf2b1dad98aa037933e139e28bc7c53", "fields": {"value": "{\"size\": [200, 150], \"name\": \"cache/65/61/656102b50886d49bb63a09bf0e8087f1.jpg\", \"storage\": \"django.core.files.storage.FileSystemStorage\"}"}}, {"model": "thumbnail.kvstore", "pk": "sorl-thumbnail||image||cf0e6ecdf9a4fdd036bebb807b47f45c", "fields": {"value": "{\"name\": \"cache/6e/f8/6ef85bcba490031b00e59d101803a5e3.jpg\", \"storage\": \"django.core.files.storage.FileSystemStorage\", \"size\": [200, 150]}"}}, {"model": "thumbnail.kvstore", "pk": "sorl-thumbnail||image||cf1d9e798095a8d02b98e405f3939040", "fields": {"value": "{\"size\": [200, 150], \"name\": \"cache/1c/dd/1cdd9971daa1440be5d757b0a9ab8834.jpg\", \"storage\": \"django.core.files.storage.FileSystemStorage\"}"}}, {"model": "thumbnail.kvstore", "pk": "sorl-thumbnail||image||cf28902f01a4ca1b5ab0d114cb2672da", "fields": {"value": "{\"name\": \"thumbnails/030101_sum.jpg\", \"storage\": \"django.core.files.storage.FileSystemStorage\", \"size\": [694, 496]}"}}, {"model": "thumbnail.kvstore", "pk": "sorl-thumbnail||image||d32da87fbc63d26584794c5481dc25b0", "fields": {"value": "{\"size\": [200, 150], \"name\": \"thumbnails/detergent_19_mJzyflS.jpg\", \"storage\": \"django.core.files.storage.FileSystemStorage\"}"}}, {"model": "thumbnail.kvstore", "pk": "sorl-thumbnail||image||d7a82a44f485d41d44e682aa2fc2c6ef", "fields": {"value": "{\"size\": [200, 150], \"name\": \"thumbnails/Dishsoap_6_zZ3ZM0o.jpg\", \"storage\": \"django.core.files.storage.FileSystemStorage\"}"}}, {"model": "thumbnail.kvstore", "pk": "sorl-thumbnail||image||db0bbd6608fe5f55c4d452becd217465", "fields": {"value": "{\"size\": [200, 150], \"name\": \"thumbnails/detergent_6_5ax1tdt.jpg\", \"storage\": \"django.core.files.storage.FileSystemStorage\"}"}}, {"model": "thumbnail.kvstore", "pk": "sorl-thumbnail||image||de68092f544722b5f3cc05eaaa98ccf9", "fields": {"value": "{\"size\": [200, 150], \"name\": \"thumbnails/detergent_10_YiYQ7n4.jpg\", \"storage\": \"django.core.files.storage.FileSystemStorage\"}"}}, {"model": "thumbnail.kvstore", "pk": "sorl-thumbnail||image||de8464fd045d18d0368212b0da8577ee", "fields": {"value": "{\"size\": [200, 150], \"name\": \"thumbnails/detergent_22_NYGyiiY.jpg\", \"storage\": \"django.core.files.storage.FileSystemStorage\"}"}}, {"model": "thumbnail.kvstore", "pk": "sorl-thumbnail||image||e0aeba00b2bb39b8417303d5a1f433f5", "fields": {"value": "{\"name\": \"cache/63/60/63600d847cd3df4f7137588fdcfe66fb.jpg\", \"storage\": \"django.core.files.storage.FileSystemStorage\", \"size\": [250, 150]}"}}, {"model": "thumbnail.kvstore", "pk": "sorl-thumbnail||image||e2f458f7656b2c19c64c047262bb815d", "fields": {"value": "{\"name\": \"cache/37/ef/37ef1e8cf442e24bab2c23b04b09d352.jpg\", \"storage\": \"django.core.files.storage.FileSystemStorage\", \"size\": [280, 200]}"}}, {"model": "thumbnail.kvstore", "pk": "sorl-thumbnail||image||e84932044fa59e8fb87c0e95b4ffb4c5", "fields": {"value": "{\"size\": [200, 150], \"name\": \"thumbnails/detergent_5_Fmz52it.jpg\", \"storage\": \"django.core.files.storage.FileSystemStorage\"}"}}, {"model": "thumbnail.kvstore", "pk": "sorl-thumbnail||image||ec5bee67136c69a0d0b967a95973e255", "fields": {"value": "{\"name\": \"cache/f1/52/f1521bc71b6dab0d3514ee771e392627.jpg\", \"storage\": \"django.core.files.storage.FileSystemStorage\", \"size\": [200, 150]}"}}, {"model": "thumbnail.kvstore", "pk": "sorl-thumbnail||image||ec9e3247027966f8bb7178773e1c85eb", "fields": {"value": "{\"name\": \"cache/9e/92/9e922c6cc0dd37b79f9d0ce2a8e9e16a.jpg\", \"storage\": \"django.core.files.storage.FileSystemStorage\", \"size\": [250, 150]}"}}, {"model": "thumbnail.kvstore", "pk": "sorl-thumbnail||image||ed1c2383e11c2d3fc21ecbd8a1d60142", "fields": {"value": "{\"name\": \"cache/44/60/4460a3f43631c510d78232fc0ceb1f27.jpg\", \"storage\": \"django.core.files.storage.FileSystemStorage\", \"size\": [250, 150]}"}}, {"model": "thumbnail.kvstore", "pk": "sorl-thumbnail||image||edb7f19f25d2d5aa2e9ce7322c44f883", "fields": {"value": "{\"size\": [200, 150], \"name\": \"cache/b2/9f/b29fc110b53356dc8d09b22928b18961.jpg\", \"storage\": \"django.core.files.storage.FileSystemStorage\"}"}}, {"model": "thumbnail.kvstore", "pk": "sorl-thumbnail||image||edd577c91674790ed9e998a9543e5d08", "fields": {"value": "{\"size\": [200, 150], \"name\": \"cache/7a/55/7a5517b97ac66144ad25d664bf2cda02.jpg\", \"storage\": \"django.core.files.storage.FileSystemStorage\"}"}}, {"model": "thumbnail.kvstore", "pk": "sorl-thumbnail||image||ef69eb7a6ca5614f5098e940a78e40bf", "fields": {"value": "{\"size\": [200, 150], \"name\": \"thumbnails/detergent_15_lRtquAm.jpg\", \"storage\": \"django.core.files.storage.FileSystemStorage\"}"}}, {"model": "thumbnail.kvstore", "pk": "sorl-thumbnail||image||f101bf922df885acb15c4761974ba964", "fields": {"value": "{\"size\": [200, 150], \"name\": \"cache/ee/6a/ee6a7c13661abba9dd2c2c95eda110b7.jpg\", \"storage\": \"django.core.files.storage.FileSystemStorage\"}"}}, {"model": "thumbnail.kvstore", "pk": "sorl-thumbnail||image||f507b9889918ffac761a5be9e6209991", "fields": {"value": "{\"name\": \"cache/39/f6/39f64a786c1ee0ba8ed7b596079836a9.jpg\", \"storage\": \"django.core.files.storage.FileSystemStorage\", \"size\": [200, 150]}"}}, {"model": "thumbnail.kvstore", "pk": "sorl-thumbnail||image||f69531b55d87ee166316ae52babe2da7", "fields": {"value": "{\"size\": [200, 150], \"name\": \"thumbnails/detergent_7_6LDlOSJ.jpg\", \"storage\": \"django.core.files.storage.FileSystemStorage\"}"}}, {"model": "thumbnail.kvstore", "pk": "sorl-thumbnail||image||f72a031f79b23b1e4280da2f8f26a14a", "fields": {"value": "{\"name\": \"cache/82/d5/82d5cace7a54112d15851690f6c8eb22.jpg\", \"storage\": \"django.core.files.storage.FileSystemStorage\", \"size\": [200, 200]}"}}, {"model": "thumbnail.kvstore", "pk": "sorl-thumbnail||image||faccee6588b44f80491cf19d63537bb2", "fields": {"value": "{\"name\": \"cache/db/87/db87f7ce68ba0171da18a8c4f0151199.jpg\", \"storage\": \"django.core.files.storage.FileSystemStorage\", \"size\": [200, 150]}"}}, {"model": "thumbnail.kvstore", "pk": "sorl-thumbnail||image||fe2c5e12d3d680332d1799cb0516a268", "fields": {"value": "{\"name\": \"thumbnails/030301_sum.jpg\", \"storage\": \"django.core.files.storage.FileSystemStorage\", \"size\": [694, 496]}"}}, {"model": "thumbnail.kvstore", "pk": "sorl-thumbnail||image||fe35cc54a907298d88e6ebdc1e443572", "fields": {"value": "{\"size\": [200, 150], \"name\": \"cache/eb/6b/eb6b05203a736465ec4c7bae2de4008d.jpg\", \"storage\": \"django.core.files.storage.FileSystemStorage\"}"}}, {"model": "thumbnail.kvstore", "pk": "sorl-thumbnail||image||ff1f80520760faf3421bde112f7a0796", "fields": {"value": "{\"name\": \"cache/57/ec/57ecfb6a045c9106055ce856b80dce50.jpg\", \"storage\": \"django.core.files.storage.FileSystemStorage\", \"size\": [200, 150]}"}}, {"model": "thumbnail.kvstore", "pk": "sorl-thumbnail||thumbnails||03d9065eafd5aa9c948fddae7e988bf8", "fields": {"value": "[\"b5494bc5ad091178d794b7b3069ffe39\"]"}}, {"model": "thumbnail.kvstore", "pk": "sorl-thumbnail||thumbnails||052cc088804f688b20db19867fbde62c", "fields": {"value": "[\"24a5b6ba63f6bf512b3b6918177e420b\"]"}}, {"model": "thumbnail.kvstore", "pk": "sorl-thumbnail||thumbnails||0875dae24b69d0f7f9c42104019947ea", "fields": {"value": "[\"c243cce2608d3a38c070e6eee0d8a3fd\"]"}}, {"model": "thumbnail.kvstore", "pk": "sorl-thumbnail||thumbnails||0c509e9dab54b657d7d9c2b3e4be3882", "fields": {"value": "[\"1567affc16e917b79b728004e8a98870\"]"}}, {"model": "thumbnail.kvstore", "pk": "sorl-thumbnail||thumbnails||0ec30a4bd65736f470ee6d902eba1ec2", "fields": {"value": "[\"9b5b15d727b9735cb4a9fee91029f2bb\"]"}}, {"model": "thumbnail.kvstore", "pk": "sorl-thumbnail||thumbnails||1120a722336e53be29c105c05dc012ae", "fields": {"value": "[\"9a683fefdba5162d08e58ba18e6b0f86\", \"24d6e75c7321c7d0a81faaec257334a0\", \"4cd2d0d0b4de196cf1e51ad32db6c017\"]"}}, {"model": "thumbnail.kvstore", "pk": "sorl-thumbnail||thumbnails||11901b81c12d8e286da162ba43033cba", "fields": {"value": "[\"e2f458f7656b2c19c64c047262bb815d\", \"534300186e7561d1993f944fb37d80e0\"]"}}, {"model": "thumbnail.kvstore", "pk": "sorl-thumbnail||thumbnails||11a425a0ea5a0cc8e0239fc39cba930a", "fields": {"value": "[\"1d741a5df238c5dde159e20a7be7f5c7\"]"}}, {"model": "thumbnail.kvstore", "pk": "sorl-thumbnail||thumbnails||15e50790d4b6385420a6ebb5fa90b064", "fields": {"value": "[\"f101bf922df885acb15c4761974ba964\"]"}}, {"model": "thumbnail.kvstore", "pk": "sorl-thumbnail||thumbnails||188d16d2b768e2ebea812b8533579fc0", "fields": {"value": "[\"314e5fbaa849362c05cf276a03c20844\"]"}}, {"model": "thumbnail.kvstore", "pk": "sorl-thumbnail||thumbnails||1df3a633715782fb8743caec42b223bc", "fields": {"value": "[\"9b6e9a6d7192be58081415bf78729cf4\", \"39e81c0abcfee52d837c5f5701b1442b\", \"f72a031f79b23b1e4280da2f8f26a14a\", \"1af9996fb6feb3c0562a85f7fb797f13\", \"1fbb50949d16b7f05c2dbaa91e5872ce\", \"4ae8017c2da5d7b428178f963096ab23\"]"}}, {"model": "thumbnail.kvstore", "pk": "sorl-thumbnail||thumbnails||20a8e2c5b9fc75d00be375f2f6b838e7", "fields": {"value": "[\"3938acd21faa1f465963bea926f69faa\"]"}}, {"model": "thumbnail.kvstore", "pk": "sorl-thumbnail||thumbnails||2db9dc2cca76dfbda5d25284ad25440a", "fields": {"value": "[\"c718fa84fe0dcfdb9b701ce6bbc7c5ce\"]"}}, {"model": "thumbnail.kvstore", "pk": "sorl-thumbnail||thumbnails||301153b9066563b6c6ee28170c9ad54f", "fields": {"value": "[\"b1360d1dce6326206f3b88591ec33478\"]"}}, {"model": "thumbnail.kvstore", "pk": "sorl-thumbnail||thumbnails||3520a527c54baf7089c58defba86d1de", "fields": {"value": "[\"2c0bf97a78e7b330ec29620c8120330a\"]"}}, {"model": "thumbnail.kvstore", "pk": "sorl-thumbnail||thumbnails||37af839af5b83a2ec62622b9b325b7d5", "fields": {"value": "[\"541590c6ad0362ca8195da62625cb4f8\", \"c7c49d7f21190c8e2e495283b62ccfc8\"]"}}, {"model": "thumbnail.kvstore", "pk": "sorl-thumbnail||thumbnails||3f3496ed3dc3acec92b4a6dce02c0f77", "fields": {"value": "[\"4d27af3ac426bd37ece02828c8fccba3\"]"}}, {"model": "thumbnail.kvstore", "pk": "sorl-thumbnail||thumbnails||43e1de92994901112972c015e4a1f42a", "fields": {"value": "[\"8206fb3a95e75cf7565f196ab64dc234\"]"}}, {"model": "thumbnail.kvstore", "pk": "sorl-thumbnail||thumbnails||4bc58fa085beeeaeb0f2409c549f4bd7", "fields": {"value": "[\"5a69585b7ea2f63e6a9a85b0695f5316\", \"6ded708d3ee78cfbeae07d8bf8cff24a\", \"99e51ac7fc3fdab663419d824a3c557f\"]"}}, {"model": "thumbnail.kvstore", "pk": "sorl-thumbnail||thumbnails||539ef3e6a94c61c34f284786321ce884", "fields": {"value": "[\"acba8ef48a1351dc18eca5e0e7574588\"]"}}, {"model": "thumbnail.kvstore", "pk": "sorl-thumbnail||thumbnails||57ca0dbf3801ac834812416e39a0bee3", "fields": {"value": "[\"435666bdf5105702f5834a2616fac983\"]"}}, {"model": "thumbnail.kvstore", "pk": "sorl-thumbnail||thumbnails||57da0120f3bfc70e8126b427f9e693c6", "fields": {"value": "[\"c12b87b241aa67ad2301662564a5ea45\"]"}}, {"model": "thumbnail.kvstore", "pk": "sorl-thumbnail||thumbnails||58053c34cbc276e119309cd3136c4c89", "fields": {"value": "[\"8becc94910649f92e1667fdd0ae4d362\"]"}}, {"model": "thumbnail.kvstore", "pk": "sorl-thumbnail||thumbnails||5ad21892e280ee9788e5d00c3eae19e5", "fields": {"value": "[\"61e20ac61f61124ad2a0bd111a6114d0\"]"}}, {"model": "thumbnail.kvstore", "pk": "sorl-thumbnail||thumbnails||616f995227f41aa7734c33f061def539", "fields": {"value": "[\"48343ca722207c4b2b55aebd334dd38e\"]"}}, {"model": "thumbnail.kvstore", "pk": "sorl-thumbnail||thumbnails||6830d5c40bef6081719dcbda89de594e", "fields": {"value": "[\"edd577c91674790ed9e998a9543e5d08\"]"}}, {"model": "thumbnail.kvstore", "pk": "sorl-thumbnail||thumbnails||74ad0fe1cb480b84e0b1249bad06c808", "fields": {"value": "[\"33f13cbba66a1cd52e4d3325f120a617\"]"}}, {"model": "thumbnail.kvstore", "pk": "sorl-thumbnail||thumbnails||7d503b30e118da58049390aa92528341", "fields": {"value": "[\"cdf2b1dad98aa037933e139e28bc7c53\"]"}}, {"model": "thumbnail.kvstore", "pk": "sorl-thumbnail||thumbnails||7e8fd5535c2055818ae0bfa1fa4f8e58", "fields": {"value": "[\"212b13fa2b9ffc70ee0e6f38b9b2835e\"]"}}, {"model": "thumbnail.kvstore", "pk": "sorl-thumbnail||thumbnails||7f11a5a66b6ed152860ee35067017500", "fields": {"value": "[\"faccee6588b44f80491cf19d63537bb2\"]"}}, {"model": "thumbnail.kvstore", "pk": "sorl-thumbnail||thumbnails||84ddf4b1f277e8e7c6501618d960dd18", "fields": {"value": "[\"a4a3f8d35656682385143b15f3ccf8cf\"]"}}, {"model": "thumbnail.kvstore", "pk": "sorl-thumbnail||thumbnails||89558a09eeb73968c573eebaf21e97e2", "fields": {"value": "[\"cf1d9e798095a8d02b98e405f3939040\"]"}}, {"model": "thumbnail.kvstore", "pk": "sorl-thumbnail||thumbnails||935af4e000dd37a2f854de24a5d0ff50", "fields": {"value": "[\"c4217659520a7e4abd7a8e0a6cfa7e09\"]"}}, {"model": "thumbnail.kvstore", "pk": "sorl-thumbnail||thumbnails||99c2e23050d72c2b255c7aa7984d2754", "fields": {"value": "[\"9b3e7e6d8ca213f82ea194c5070caadc\"]"}}, {"model": "thumbnail.kvstore", "pk": "sorl-thumbnail||thumbnails||a338159ec191825d9c86d5ce92314a8d", "fields": {"value": "[\"02e6cc650ba414b1974677e123222148\", \"ff1f80520760faf3421bde112f7a0796\"]"}}, {"model": "thumbnail.kvstore", "pk": "sorl-thumbnail||thumbnails||a5c8b171afd16dece5586c158a68921e", "fields": {"value": "[\"6c4895edbb0567d682e8f9c8fcb9ecc1\"]"}}, {"model": "thumbnail.kvstore", "pk": "sorl-thumbnail||thumbnails||a769b62cf4cd242995b0c30176caf310", "fields": {"value": "[\"ad7ea50fafcf805590810fb232afcdfa\"]"}}, {"model": "thumbnail.kvstore", "pk": "sorl-thumbnail||thumbnails||b00c3f343430577231f5f563289a396c", "fields": {"value": "[\"010ce5a673c674733df8e6d0a3eff5d5\"]"}}, {"model": "thumbnail.kvstore", "pk": "sorl-thumbnail||thumbnails||b3e54d9691cd88f2f8046f87ba1405fb", "fields": {"value": "[\"1a0ad5c962107b6d650d3b9d5f83a8d3\"]"}}, {"model": "thumbnail.kvstore", "pk": "sorl-thumbnail||thumbnails||b48170c6f4ae95eb597ac6aa76ef4c4e", "fields": {"value": "[\"edb7f19f25d2d5aa2e9ce7322c44f883\"]"}}, {"model": "thumbnail.kvstore", "pk": "sorl-thumbnail||thumbnails||b7cda2f92c6f6417e011391d890f0b7e", "fields": {"value": "[\"a0f710df32057cb1ffc7ce481d881ab5\"]"}}, {"model": "thumbnail.kvstore", "pk": "sorl-thumbnail||thumbnails||bde5a8be42ce10f1ca3b940e27639a69", "fields": {"value": "[\"7f0d9c30847a56884839fbf34bed48a8\", \"cf0e6ecdf9a4fdd036bebb807b47f45c\"]"}}, {"model": "thumbnail.kvstore", "pk": "sorl-thumbnail||thumbnails||c15e3a3c321b867389378f47d921fae4", "fields": {"value": "[\"02b6412eb24f01110187bef13f4a5d63\"]"}}, {"model": "thumbnail.kvstore", "pk": "sorl-thumbnail||thumbnails||c2a8de96e72ae34ed2adf76d738082ee", "fields": {"value": "[\"fe35cc54a907298d88e6ebdc1e443572\"]"}}, {"model": "thumbnail.kvstore", "pk": "sorl-thumbnail||thumbnails||c7bf88a9d3ee753df4fed18db1753883", "fields": {"value": "[\"3242d366ea02654ba6c1a7f6a70a38c1\"]"}}, {"model": "thumbnail.kvstore", "pk": "sorl-thumbnail||thumbnails||c7cf69209c2867e1d9a590bf5c427543", "fields": {"value": "[\"9d4dc7a9970ca7e89d5cf89d1421f129\", \"ec9e3247027966f8bb7178773e1c85eb\"]"}}, {"model": "thumbnail.kvstore", "pk": "sorl-thumbnail||thumbnails||c8031006017e595a5be8118be17e6826", "fields": {"value": "[\"9ca0ded23b0733c7b4886f9ba69d8041\"]"}}, {"model": "thumbnail.kvstore", "pk": "sorl-thumbnail||thumbnails||c85ecfcb0bc77d4b4323319847710f95", "fields": {"value": "[\"702f3e24b8b0199989a20d72b5ab7d1b\"]"}}, {"model": "thumbnail.kvstore", "pk": "sorl-thumbnail||thumbnails||cd825a883299b27e642babe08a9200e7", "fields": {"value": "[\"ed1c2383e11c2d3fc21ecbd8a1d60142\", \"ec5bee67136c69a0d0b967a95973e255\"]"}}, {"model": "thumbnail.kvstore", "pk": "sorl-thumbnail||thumbnails||cf28902f01a4ca1b5ab0d114cb2672da", "fields": {"value": "[\"c5c11a5db9ee7459ffcba3bb55531fdd\", \"6ca762135ba07903a6b4fe52c6984cd3\", \"e0aeba00b2bb39b8417303d5a1f433f5\"]"}}, {"model": "thumbnail.kvstore", "pk": "sorl-thumbnail||thumbnails||d32da87fbc63d26584794c5481dc25b0", "fields": {"value": "[\"a0aabf69b222a0ace24f8f2949e97284\"]"}}, {"model": "thumbnail.kvstore", "pk": "sorl-thumbnail||thumbnails||d7a82a44f485d41d44e682aa2fc2c6ef", "fields": {"value": "[\"7c0dd45b55f1214e9c252725a5417336\"]"}}, {"model": "thumbnail.kvstore", "pk": "sorl-thumbnail||thumbnails||db0bbd6608fe5f55c4d452becd217465", "fields": {"value": "[\"919f5cf2cc7c25453cf0488ab61fb4ab\"]"}}, {"model": "thumbnail.kvstore", "pk": "sorl-thumbnail||thumbnails||de68092f544722b5f3cc05eaaa98ccf9", "fields": {"value": "[\"1287b1ea0ebee78e77dc309d4e3b4367\"]"}}, {"model": "thumbnail.kvstore", "pk": "sorl-thumbnail||thumbnails||de8464fd045d18d0368212b0da8577ee", "fields": {"value": "[\"49740e32526e0c751bec7568be8d229a\"]"}}, {"model": "thumbnail.kvstore", "pk": "sorl-thumbnail||thumbnails||e84932044fa59e8fb87c0e95b4ffb4c5", "fields": {"value": "[\"34781c7f8bacbd2622619d89e8ffcd7e\"]"}}, {"model": "thumbnail.kvstore", "pk": "sorl-thumbnail||thumbnails||ef69eb7a6ca5614f5098e940a78e40bf", "fields": {"value": "[\"9d301cf151cb3c26c518e1383f6ffd64\"]"}}, {"model": "thumbnail.kvstore", "pk": "sorl-thumbnail||thumbnails||f69531b55d87ee166316ae52babe2da7", "fields": {"value": "[\"24b5c4827eb6065d10f0a33ddc8b798d\"]"}}, {"model": "thumbnail.kvstore", "pk": "sorl-thumbnail||thumbnails||fe2c5e12d3d680332d1799cb0516a268", "fields": {"value": "[\"f507b9889918ffac761a5be9e6209991\"]"}}, {"model": "admin.logentry", "pk": 1, "fields": {"action_time": "2019-01-20T11:47:50.488Z", "user": 1, "content_type": 8, "object_id": "1", "object_repr": "Nature love mere", "action_flag": 1, "change_message": "[{\"added\": {}}]"}}, {"model": "admin.logentry", "pk": 2, "fields": {"action_time": "2019-01-20T11:47:55.784Z", "user": 1, "content_type": 8, "object_id": "2", "object_repr": "Maro mere", "action_flag": 1, "change_message": "[{\"added\": {}}]"}}, {"model": "admin.logentry", "pk": 3, "fields": {"action_time": "2019-01-20T11:48:06.677Z", "user": 1, "content_type": 11, "object_id": "1", "object_repr": "Diapers", "action_flag": 1, "change_message": "[{\"added\": {}}]"}}, {"model": "admin.logentry", "pk": 4, "fields": {"action_time": "2019-01-20T11:48:34.752Z", "user": 1, "content_type": 9, "object_id": "1", "object_repr": "Original Band Diaper", "action_flag": 1, "change_message": "[{\"added\": {}}]"}}, {"model": "admin.logentry", "pk": 5, "fields": {"action_time": "2019-01-20T11:48:51.442Z", "user": 1, "content_type": 9, "object_id": "1", "object_repr": "Original Band Diaper", "action_flag": 2, "change_message": "[]"}}, {"model": "admin.logentry", "pk": 6, "fields": {"action_time": "2019-01-20T11:49:31.161Z", "user": 1, "content_type": 9, "object_id": "1", "object_repr": "Original Band Diaper", "action_flag": 2, "change_message": "[]"}}, {"model": "admin.logentry", "pk": 7, "fields": {"action_time": "2019-01-20T11:49:39.595Z", "user": 1, "content_type": 9, "object_id": "1", "object_repr": "Original Band Diaper", "action_flag": 2, "change_message": "[{\"changed\": {\"fields\": [\"count\"]}}]"}}, {"model": "admin.logentry", "pk": 8, "fields": {"action_time": "2019-01-21T13:11:41.650Z", "user": 1, "content_type": 13, "object_id": "1", "object_repr": "Blog title here", "action_flag": 1, "change_message": "[{\"added\": {}}]"}}, {"model": "admin.logentry", "pk": 9, "fields": {"action_time": "2019-01-21T13:32:58.544Z", "user": 1, "content_type": 13, "object_id": "2", "object_repr": "\u0422\u0435\u0441\u0442", "action_flag": 1, "change_message": "[{\"added\": {}}]"}}, {"model": "admin.logentry", "pk": 10, "fields": {"action_time": "2019-01-21T13:51:49.129Z", "user": 1, "content_type": 14, "object_id": "1", "object_repr": "slides/screenshot-1.jpg", "action_flag": 1, "change_message": "[{\"added\": {}}]"}}, {"model": "admin.logentry", "pk": 11, "fields": {"action_time": "2019-01-21T13:51:54.053Z", "user": 1, "content_type": 14, "object_id": "2", "object_repr": "slides/picjumbo.com_hanv9909.jpg", "action_flag": 1, "change_message": "[{\"added\": {}}]"}}, {"model": "admin.logentry", "pk": 12, "fields": {"action_time": "2019-01-21T13:51:58.637Z", "user": 1, "content_type": 14, "object_id": "3", "object_repr": "slides/image-slider-2.jpg", "action_flag": 1, "change_message": "[{\"added\": {}}]"}}, {"model": "admin.logentry", "pk": 13, "fields": {"action_time": "2019-01-21T13:52:03.014Z", "user": 1, "content_type": 14, "object_id": "4", "object_repr": "slides/02.jpg", "action_flag": 1, "change_message": "[{\"added\": {}}]"}}, {"model": "admin.logentry", "pk": 14, "fields": {"action_time": "2019-01-21T14:04:47.795Z", "user": 1, "content_type": 5, "object_id": "2", "object_repr": "johndoe", "action_flag": 1, "change_message": "[{\"added\": {}}]"}}, {"model": "admin.logentry", "pk": 15, "fields": {"action_time": "2019-01-22T06:12:48.998Z", "user": 1, "content_type": 8, "object_id": "3", "object_repr": "Aimer nature", "action_flag": 1, "change_message": "[{\"added\": {}}]"}}, {"model": "admin.logentry", "pk": 16, "fields": {"action_time": "2019-01-22T06:13:03.764Z", "user": 1, "content_type": 8, "object_id": "4", "object_repr": "Coming soon", "action_flag": 1, "change_message": "[{\"added\": {}}]"}}, {"model": "admin.logentry", "pk": 17, "fields": {"action_time": "2019-01-22T06:13:42.712Z", "user": 1, "content_type": 11, "object_id": "2", "object_repr": "Wet tissue", "action_flag": 1, "change_message": "[{\"added\": {}}]"}}, {"model": "admin.logentry", "pk": 18, "fields": {"action_time": "2019-01-22T06:19:56.618Z", "user": 1, "content_type": 10, "object_id": "1", "object_repr": "products_images/Product-detail.png", "action_flag": 1, "change_message": "[{\"added\": {}}]"}}, {"model": "admin.logentry", "pk": 19, "fields": {"action_time": "2019-01-22T06:22:00.279Z", "user": 1, "content_type": 11, "object_id": "3", "object_repr": "Detergent & Softner", "action_flag": 1, "change_message": "[{\"added\": {}}]"}}, {"model": "admin.logentry", "pk": 20, "fields": {"action_time": "2019-01-22T06:22:20.486Z", "user": 1, "content_type": 11, "object_id": "3", "object_repr": "Detergent & Softner", "action_flag": 2, "change_message": "[{\"changed\": {\"fields\": [\"parent\"]}}]"}}, {"model": "admin.logentry", "pk": 21, "fields": {"action_time": "2019-01-22T06:25:29.678Z", "user": 1, "content_type": 13, "object_id": "3", "object_repr": "Name", "action_flag": 1, "change_message": "[{\"added\": {}}]"}}, {"model": "admin.logentry", "pk": 22, "fields": {"action_time": "2019-01-22T10:38:19.354Z", "user": 1, "content_type": 11, "object_id": "4", "object_repr": "Skin care", "action_flag": 1, "change_message": "[{\"added\": {}}]"}}, {"model": "admin.logentry", "pk": 23, "fields": {"action_time": "2019-01-22T10:38:37.622Z", "user": 1, "content_type": 11, "object_id": "5", "object_repr": "Breast pad", "action_flag": 1, "change_message": "[{\"added\": {}}]"}}, {"model": "admin.logentry", "pk": 24, "fields": {"action_time": "2019-01-22T10:38:47.843Z", "user": 1, "content_type": 11, "object_id": "6", "object_repr": "Zipper bag", "action_flag": 1, "change_message": "[{\"added\": {}}]"}}, {"model": "admin.logentry", "pk": 25, "fields": {"action_time": "2019-01-22T10:38:56.183Z", "user": 1, "content_type": 11, "object_id": "7", "object_repr": "Zipper bag", "action_flag": 1, "change_message": "[{\"added\": {}}]"}}, {"model": "admin.logentry", "pk": 26, "fields": {"action_time": "2019-01-22T10:39:08.276Z", "user": 1, "content_type": 11, "object_id": "6", "object_repr": "Zipper bag", "action_flag": 3, "change_message": ""}}, {"model": "admin.logentry", "pk": 27, "fields": {"action_time": "2019-01-22T10:39:31.251Z", "user": 1, "content_type": 11, "object_id": "8", "object_repr": "Babies cotton swab", "action_flag": 1, "change_message": "[{\"added\": {}}]"}}, {"model": "admin.logentry", "pk": 28, "fields": {"action_time": "2019-01-22T10:39:36.915Z", "user": 1, "content_type": 11, "object_id": "9", "object_repr": "Other", "action_flag": 1, "change_message": "[{\"added\": {}}]"}}, {"model": "admin.logentry", "pk": 29, "fields": {"action_time": "2019-01-22T10:43:26.840Z", "user": 1, "content_type": 13, "object_id": "2", "object_repr": "\u0422\u0435\u0441\u0442", "action_flag": 2, "change_message": "[{\"changed\": {\"fields\": [\"content\"]}}]"}}, {"model": "admin.logentry", "pk": 30, "fields": {"action_time": "2019-01-22T10:44:05.139Z", "user": 1, "content_type": 13, "object_id": "3", "object_repr": "Name", "action_flag": 2, "change_message": "[{\"changed\": {\"fields\": [\"content\"]}}]"}}, {"model": "admin.logentry", "pk": 31, "fields": {"action_time": "2019-01-22T10:44:18.481Z", "user": 1, "content_type": 13, "object_id": "1", "object_repr": "Blog title here", "action_flag": 2, "change_message": "[{\"changed\": {\"fields\": [\"content\"]}}]"}}, {"model": "admin.logentry", "pk": 32, "fields": {"action_time": "2019-01-22T10:46:13.320Z", "user": 1, "content_type": 13, "object_id": "2", "object_repr": "\u0422\u0435\u0441\u0442", "action_flag": 2, "change_message": "[{\"changed\": {\"fields\": [\"thumbnail\"]}}]"}}, {"model": "admin.logentry", "pk": 33, "fields": {"action_time": "2019-01-22T10:48:51.113Z", "user": 1, "content_type": 13, "object_id": "3", "object_repr": "Name", "action_flag": 2, "change_message": "[{\"changed\": {\"fields\": [\"thumbnail\"]}}]"}}, {"model": "admin.logentry", "pk": 34, "fields": {"action_time": "2019-01-22T10:49:50.230Z", "user": 1, "content_type": 13, "object_id": "3", "object_repr": "\ub124\uc774\uccd0\ub7ec\ube0c\uba54\ub808, \ubabd\uace8\uc2dc\uc7a5 \uacf5\ub7b5 \uac00\uc18d \uc720\ub7fd\uc9c4\ucd9c \ucd08\uc77d\uae30", "action_flag": 2, "change_message": "[{\"changed\": {\"fields\": [\"title\"]}}]"}}, {"model": "admin.logentry", "pk": 35, "fields": {"action_time": "2019-01-22T10:50:19.153Z", "user": 1, "content_type": 13, "object_id": "3", "object_repr": "\ub124\uc774\uccd0\ub7ec\ube0c\uba54\ub808, \ubabd\uace8\uc2dc\uc7a5 \uacf5\ub7b5 \uac00\uc18d \uc720\ub7fd\uc9c4\ucd9c \ucd08\uc77d\uae30", "action_flag": 2, "change_message": "[]"}}, {"model": "admin.logentry", "pk": 36, "fields": {"action_time": "2019-01-22T10:50:51.751Z", "user": 1, "content_type": 13, "object_id": "2", "object_repr": "Blog title here", "action_flag": 2, "change_message": "[{\"changed\": {\"fields\": [\"title\"]}}]"}}, {"model": "admin.logentry", "pk": 37, "fields": {"action_time": "2019-01-22T10:52:43.007Z", "user": 1, "content_type": 13, "object_id": "4", "object_repr": "Blog title here", "action_flag": 1, "change_message": "[{\"added\": {}}]"}}, {"model": "admin.logentry", "pk": 38, "fields": {"action_time": "2019-01-22T10:56:57.682Z", "user": 1, "content_type": 14, "object_id": "4", "object_repr": "slides/02.jpg", "action_flag": 3, "change_message": ""}}, {"model": "admin.logentry", "pk": 39, "fields": {"action_time": "2019-01-22T10:57:05.696Z", "user": 1, "content_type": 14, "object_id": "5", "object_repr": "slides/bg7.jpg", "action_flag": 1, "change_message": "[{\"added\": {}}]"}}, {"model": "admin.logentry", "pk": 40, "fields": {"action_time": "2019-01-22T10:58:24.985Z", "user": 1, "content_type": 14, "object_id": "6", "object_repr": "slides/bg1.png", "action_flag": 1, "change_message": "[{\"added\": {}}]"}}, {"model": "admin.logentry", "pk": 41, "fields": {"action_time": "2019-01-22T10:59:21.074Z", "user": 1, "content_type": 14, "object_id": "6", "object_repr": "slides/bg1_k0PRGzL.png", "action_flag": 2, "change_message": "[{\"changed\": {\"fields\": [\"image\"]}}]"}}, {"model": "admin.logentry", "pk": 42, "fields": {"action_time": "2019-01-22T10:59:42.640Z", "user": 1, "content_type": 14, "object_id": "3", "object_repr": "slides/image-slider-2.jpg", "action_flag": 3, "change_message": ""}}, {"model": "admin.logentry", "pk": 43, "fields": {"action_time": "2019-01-22T10:59:42.737Z", "user": 1, "content_type": 14, "object_id": "2", "object_repr": "slides/picjumbo.com_hanv9909.jpg", "action_flag": 3, "change_message": ""}}, {"model": "admin.logentry", "pk": 44, "fields": {"action_time": "2019-01-22T10:59:42.837Z", "user": 1, "content_type": 14, "object_id": "1", "object_repr": "slides/screenshot-1.jpg", "action_flag": 3, "change_message": ""}}, {"model": "admin.logentry", "pk": 45, "fields": {"action_time": "2019-01-22T11:03:16.281Z", "user": 1, "content_type": 14, "object_id": "6", "object_repr": "slides/bg1_VfjCLoY.png", "action_flag": 2, "change_message": "[{\"changed\": {\"fields\": [\"image\"]}}]"}}, {"model": "admin.logentry", "pk": 46, "fields": {"action_time": "2019-01-22T11:11:35.508Z", "user": 1, "content_type": 9, "object_id": "1", "object_repr": "Original Band Diaper", "action_flag": 2, "change_message": "[{\"changed\": {\"fields\": [\"special\"]}}]"}}, {"model": "admin.logentry", "pk": 47, "fields": {"action_time": "2019-01-22T11:48:30.720Z", "user": 1, "content_type": 9, "object_id": "2", "object_repr": "The Slim Band Diaper", "action_flag": 1, "change_message": "[{\"added\": {}}]"}}, {"model": "admin.logentry", "pk": 48, "fields": {"action_time": "2019-01-22T11:49:19.318Z", "user": 1, "content_type": 9, "object_id": "1", "object_repr": "Original Band Diaper", "action_flag": 2, "change_message": "[{\"changed\": {\"fields\": [\"price\"]}}]"}}, {"model": "admin.logentry", "pk": 49, "fields": {"action_time": "2019-01-22T11:50:30.307Z", "user": 1, "content_type": 9, "object_id": "2", "object_repr": "The Slim Band Diaper", "action_flag": 2, "change_message": "[{\"changed\": {\"fields\": [\"special\", \"category\"]}}]"}}, {"model": "admin.logentry", "pk": 50, "fields": {"action_time": "2019-01-22T11:52:19.597Z", "user": 1, "content_type": 9, "object_id": "3", "object_repr": "Original Panty Diaper", "action_flag": 1, "change_message": "[{\"added\": {}}]"}}, {"model": "admin.logentry", "pk": 51, "fields": {"action_time": "2019-01-22T11:52:46.135Z", "user": 1, "content_type": 9, "object_id": "1", "object_repr": "Original Band Diaper", "action_flag": 2, "change_message": "[{\"changed\": {\"fields\": [\"thumbnail\"]}}]"}}, {"model": "admin.logentry", "pk": 52, "fields": {"action_time": "2019-01-22T11:53:20.232Z", "user": 1, "content_type": 9, "object_id": "4", "object_repr": "Slim Panty Diaper", "action_flag": 1, "change_message": "[{\"added\": {}}]"}}, {"model": "admin.logentry", "pk": 53, "fields": {"action_time": "2019-01-22T11:54:12.627Z", "user": 1, "content_type": 9, "object_id": "5", "object_repr": "Eco Panty Diaper", "action_flag": 1, "change_message": "[{\"added\": {}}]"}}, {"model": "admin.logentry", "pk": 54, "fields": {"action_time": "2019-01-22T11:54:35.538Z", "user": 1, "content_type": 9, "object_id": "6", "object_repr": "Swim Panty Diaper", "action_flag": 1, "change_message": "[{\"added\": {}}]"}}, {"model": "admin.logentry", "pk": 55, "fields": {"action_time": "2019-01-22T12:05:28.030Z", "user": 1, "content_type": 9, "object_id": "7", "object_repr": "Mungbean Detergent & Softener", "action_flag": 1, "change_message": "[{\"added\": {}}]"}}, {"model": "admin.logentry", "pk": 56, "fields": {"action_time": "2019-01-22T12:06:21.307Z", "user": 1, "content_type": 9, "object_id": "8", "object_repr": "Fine Wet Tissue", "action_flag": 1, "change_message": "[{\"added\": {}}]"}}, {"model": "admin.logentry", "pk": 57, "fields": {"action_time": "2019-01-22T12:06:47.127Z", "user": 1, "content_type": 9, "object_id": "9", "object_repr": "Primy Wet Tissue", "action_flag": 1, "change_message": "[{\"added\": {}}]"}}, {"model": "admin.logentry", "pk": 58, "fields": {"action_time": "2019-01-22T12:08:03.834Z", "user": 1, "content_type": 9, "object_id": "10", "object_repr": "Fruit Detergent & Softener", "action_flag": 1, "change_message": "[{\"added\": {}}]"}}, {"model": "admin.logentry", "pk": 59, "fields": {"action_time": "2019-01-22T12:08:38.602Z", "user": 1, "content_type": 9, "object_id": "11", "object_repr": "Chrysanthemum Detergent & Softener", "action_flag": 1, "change_message": "[{\"added\": {}}]"}}, {"model": "admin.logentry", "pk": 60, "fields": {"action_time": "2019-01-22T12:08:58.607Z", "user": 1, "content_type": 9, "object_id": "12", "object_repr": "Grain Baby Detergent & Softener", "action_flag": 1, "change_message": "[{\"added\": {}}]"}}, {"model": "admin.logentry", "pk": 61, "fields": {"action_time": "2019-01-22T12:09:47.494Z", "user": 1, "content_type": 9, "object_id": "13", "object_repr": "Baby Soap", "action_flag": 1, "change_message": "[{\"added\": {}}]"}}, {"model": "admin.logentry", "pk": 62, "fields": {"action_time": "2019-01-22T12:24:17.055Z", "user": 1, "content_type": 11, "object_id": "10", "object_repr": "test", "action_flag": 1, "change_message": "[{\"added\": {}}]"}}, {"model": "admin.logentry", "pk": 63, "fields": {"action_time": "2019-01-22T12:35:48.792Z", "user": 1, "content_type": 8, "object_id": "2", "object_repr": "Maro mere", "action_flag": 2, "change_message": "[{\"changed\": {\"fields\": [\"color\"]}}]"}}, {"model": "admin.logentry", "pk": 64, "fields": {"action_time": "2019-01-22T12:42:21.475Z", "user": 1, "content_type": 9, "object_id": "14", "object_repr": "Name", "action_flag": 1, "change_message": "[{\"added\": {}}]"}}, {"model": "admin.logentry", "pk": 65, "fields": {"action_time": "2019-01-22T13:06:12.120Z", "user": 1, "content_type": 13, "object_id": "3", "object_repr": "\ub124\uc774\uccd0\ub7ec\ube0c\uba54\ub808, \ubabd\uace8\uc2dc\uc7a5 \uacf5\ub7b5 \uac00\uc18d \uc720\ub7fd\uc9c4\ucd9c \ucd08\uc77d\uae30", "action_flag": 2, "change_message": "[{\"changed\": {\"fields\": [\"content\"]}}]"}}, {"model": "admin.logentry", "pk": 66, "fields": {"action_time": "2019-01-22T13:19:40.078Z", "user": 1, "content_type": 5, "object_id": "3", "object_repr": "Natureadmin", "action_flag": 1, "change_message": "[{\"added\": {}}]"}}, {"model": "admin.logentry", "pk": 67, "fields": {"action_time": "2019-01-22T13:21:03.155Z", "user": 1, "content_type": 5, "object_id": "3", "object_repr": "Natureadmin", "action_flag": 2, "change_message": "[{\"changed\": {\"fields\": [\"is_staff\", \"is_superuser\"]}}]"}}, {"model": "admin.logentry", "pk": 68, "fields": {"action_time": "2019-01-24T13:59:59.987Z", "user": 1, "content_type": 10, "object_id": "10", "object_repr": "test", "action_flag": 3, "change_message": ""}}, {"model": "admin.logentry", "pk": 69, "fields": {"action_time": "2019-01-24T14:00:08.154Z", "user": 1, "content_type": 10, "object_id": "11", "object_repr": "maromere", "action_flag": 1, "change_message": "[{\"added\": {}}]"}}, {"model": "admin.logentry", "pk": 70, "fields": {"action_time": "2019-01-24T14:01:35.435Z", "user": 1, "content_type": 8, "object_id": "2", "object_repr": "Maro mere", "action_flag": 2, "change_message": "[{\"changed\": {\"fields\": [\"visible\"]}}]"}}, {"model": "admin.logentry", "pk": 71, "fields": {"action_time": "2019-01-24T14:01:52.757Z", "user": 1, "content_type": 8, "object_id": "4", "object_repr": "Coming soon", "action_flag": 2, "change_message": "[{\"changed\": {\"fields\": [\"visible\"]}}]"}}, {"model": "admin.logentry", "pk": 72, "fields": {"action_time": "2019-01-24T14:01:56.411Z", "user": 1, "content_type": 8, "object_id": "3", "object_repr": "Aimer nature", "action_flag": 2, "change_message": "[{\"changed\": {\"fields\": [\"visible\"]}}]"}}, {"model": "admin.logentry", "pk": 73, "fields": {"action_time": "2019-01-26T04:42:16.299Z", "user": 3, "content_type": 12, "object_id": "1", "object_repr": "Original Band Diaper", "action_flag": 2, "change_message": "[{\"changed\": {\"fields\": [\"price\"]}}]"}}, {"model": "admin.logentry", "pk": 74, "fields": {"action_time": "2019-01-26T04:42:37.458Z", "user": 3, "content_type": 12, "object_id": "2", "object_repr": "The Slim Band Diaper", "action_flag": 2, "change_message": "[{\"changed\": {\"fields\": [\"price\"]}}]"}}, {"model": "admin.logentry", "pk": 75, "fields": {"action_time": "2019-01-26T04:42:55.780Z", "user": 3, "content_type": 12, "object_id": "3", "object_repr": "Original Panty Diaper", "action_flag": 2, "change_message": "[{\"changed\": {\"fields\": [\"price\"]}}]"}}, {"model": "admin.logentry", "pk": 76, "fields": {"action_time": "2019-01-26T04:43:15.277Z", "user": 3, "content_type": 12, "object_id": "4", "object_repr": "Slim Panty Diaper", "action_flag": 2, "change_message": "[{\"changed\": {\"fields\": [\"price\"]}}]"}}, {"model": "admin.logentry", "pk": 77, "fields": {"action_time": "2019-01-26T04:43:44.984Z", "user": 3, "content_type": 12, "object_id": "5", "object_repr": "Eco Panty Diaper", "action_flag": 2, "change_message": "[]"}}, {"model": "admin.logentry", "pk": 78, "fields": {"action_time": "2019-01-26T04:43:50.663Z", "user": 3, "content_type": 12, "object_id": "6", "object_repr": "Swim Panty Diaper", "action_flag": 2, "change_message": "[{\"changed\": {\"fields\": [\"price\"]}}]"}}, {"model": "admin.logentry", "pk": 79, "fields": {"action_time": "2019-01-26T04:47:09.561Z", "user": 3, "content_type": 12, "object_id": "9", "object_repr": "Primy Wet Tissue", "action_flag": 2, "change_message": "[{\"changed\": {\"fields\": [\"price\", \"thumbnail\"]}}]"}}, {"model": "admin.logentry", "pk": 80, "fields": {"action_time": "2019-01-26T04:47:31.849Z", "user": 3, "content_type": 12, "object_id": "8", "object_repr": "Fine Wet Tissue", "action_flag": 2, "change_message": "[{\"changed\": {\"fields\": [\"price\", \"thumbnail\"]}}]"}}, {"model": "admin.logentry", "pk": 81, "fields": {"action_time": "2019-01-26T04:48:36.924Z", "user": 3, "content_type": 12, "object_id": "12", "object_repr": "Grain Baby Detergent & Softener", "action_flag": 3, "change_message": ""}}, {"model": "admin.logentry", "pk": 82, "fields": {"action_time": "2019-01-26T04:48:36.927Z", "user": 3, "content_type": 12, "object_id": "11", "object_repr": "Chrysanthemum Detergent & Softener", "action_flag": 3, "change_message": ""}}, {"model": "admin.logentry", "pk": 83, "fields": {"action_time": "2019-01-26T04:48:36.928Z", "user": 3, "content_type": 12, "object_id": "10", "object_repr": "Fruit Detergent & Softener", "action_flag": 3, "change_message": ""}}, {"model": "admin.logentry", "pk": 84, "fields": {"action_time": "2019-01-26T04:48:36.929Z", "user": 3, "content_type": 12, "object_id": "7", "object_repr": "Mungbean Detergent & Softener", "action_flag": 3, "change_message": ""}}, {"model": "admin.logentry", "pk": 85, "fields": {"action_time": "2019-01-26T04:50:00.429Z", "user": 3, "content_type": 12, "object_id": "15", "object_repr": "\u0418\u043d\u0442\u043e\u043e\u0440\u044b\u043d \u0445\u0430\u043d\u0434\u0442\u0430\u0439 \u0445\u0443\u0432\u0446\u0430\u0441 \u0443\u0433\u0430\u0430\u043b\u0433\u044b\u043d \u0448\u0438\u043d\u0433\u044d\u043d", "action_flag": 1, "change_message": "[{\"added\": {}}]"}}, {"model": "admin.logentry", "pk": 86, "fields": {"action_time": "2019-01-26T05:16:36.932Z", "user": 3, "content_type": 12, "object_id": "16", "object_repr": "\u0418\u043d\u0442\u043e\u043e\u0440\u044b\u043d \u0445\u0430\u043d\u0434\u0442\u0430\u0439 \u0445\u0443\u0432\u0446\u0430\u0441 \u0437\u0430\u0439\u043b\u0430\u0433\u0447", "action_flag": 1, "change_message": "[{\"added\": {}}]"}}, {"model": "admin.logentry", "pk": 87, "fields": {"action_time": "2019-01-26T06:53:41.697Z", "user": 3, "content_type": 12, "object_id": "17", "object_repr": "\u0418\u043d\u0442\u043e\u043e\u0440\u044b\u043d \u0445\u0430\u043d\u0434\u0442\u0430\u0439 \u0445\u0443\u0432\u0446\u0430\u0441 \u0443\u0433\u0430\u0430\u043b\u0433\u044b\u043d \u0448\u0438\u043d\u0433\u044d\u043d\u0438\u0439 \u0437\u0430\u043f\u0430\u0441", "action_flag": 1, "change_message": "[{\"added\": {}}]"}}, {"model": "admin.logentry", "pk": 88, "fields": {"action_time": "2019-01-26T06:54:05.111Z", "user": 3, "content_type": 12, "object_id": "17", "object_repr": "\u0418\u043d\u0442\u043e\u043e\u0440\u044b\u043d \u0445\u0430\u043d\u0434\u0442\u0430\u0439 \u0445\u0443\u0432\u0446\u0430\u0441 \u0443\u0433\u0430\u0430\u043b\u0433\u044b\u043d \u0448\u0438\u043d\u0433\u044d\u043d\u0438\u0439 \u0437\u0430\u043f\u0430\u0441", "action_flag": 2, "change_message": "[]"}}, {"model": "admin.logentry", "pk": 89, "fields": {"action_time": "2019-01-26T06:54:12.996Z", "user": 3, "content_type": 12, "object_id": "15", "object_repr": "\u0418\u043d\u0442\u043e\u043e\u0440\u044b\u043d \u0445\u0430\u043d\u0434\u0442\u0430\u0439 \u0445\u0443\u0432\u0446\u0430\u0441 \u0443\u0433\u0430\u0430\u043b\u0433\u044b\u043d \u0448\u0438\u043d\u0433\u044d\u043d", "action_flag": 2, "change_message": "[{\"changed\": {\"fields\": [\"price\"]}}]"}}, {"model": "admin.logentry", "pk": 90, "fields": {"action_time": "2019-01-26T06:55:14.294Z", "user": 3, "content_type": 12, "object_id": "18", "object_repr": "\u0418\u043d\u0442\u043e\u043e\u0440\u044b\u043d \u0445\u0430\u043d\u0434\u0442\u0430\u0439 \u0445\u0443\u0432\u0446\u0430\u0441 \u0437\u0430\u0439\u043b\u0430\u0433\u0447\u0438\u0439\u043d \u0437\u0430\u043f\u0430\u0441", "action_flag": 1, "change_message": "[{\"added\": {}}]"}}, {"model": "admin.logentry", "pk": 91, "fields": {"action_time": "2019-01-26T07:00:37.940Z", "user": 3, "content_type": 12, "object_id": "19", "object_repr": "\u041d\u043e\u0433\u043e\u043e\u0433 \u0448\u043e\u0448\u0442\u043e\u0439 \u0443\u0433\u0430\u0430\u043b\u0433\u044b\u043d \u0448\u0438\u043d\u0433\u044d\u043d", "action_flag": 1, "change_message": "[{\"added\": {}}]"}}, {"model": "admin.logentry", "pk": 92, "fields": {"action_time": "2019-01-26T07:00:51.078Z", "user": 3, "content_type": 12, "object_id": "19", "object_repr": "\u041d\u043e\u0433\u043e\u043e\u043d \u0448\u043e\u0448\u0442\u043e\u0439 \u0443\u0433\u0430\u0430\u043b\u0433\u044b\u043d \u0448\u0438\u043d\u0433\u044d\u043d", "action_flag": 2, "change_message": "[{\"changed\": {\"fields\": [\"title\"]}}]"}}, {"model": "admin.logentry", "pk": 93, "fields": {"action_time": "2019-01-26T07:07:33.791Z", "user": 3, "content_type": 12, "object_id": "19", "object_repr": "\u041d\u043e\u0433\u043e\u043e\u043d \u0448\u043e\u0448\u043d\u044b \u0445\u0430\u043d\u0434\u0442\u0430\u0439 \u0443\u0433\u0430\u0430\u043b\u0433\u044b\u043d \u0448\u0438\u043d\u0433\u044d\u043d", "action_flag": 2, "change_message": "[{\"changed\": {\"fields\": [\"title\"]}}]"}}, {"model": "admin.logentry", "pk": 94, "fields": {"action_time": "2019-01-26T07:08:19.496Z", "user": 3, "content_type": 12, "object_id": "20", "object_repr": "\u041d\u043e\u0433\u043e\u043e\u043d \u0448\u043e\u0448\u043d\u044b \u0445\u0430\u043d\u0434\u0442\u0430\u0439 \u0445\u0443\u0432\u0446\u0430\u0441 \u0437\u0430\u0439\u043b\u0430\u0433\u0447 \u0448\u0438\u043d\u0433\u044d\u043d", "action_flag": 1, "change_message": "[{\"added\": {}}]"}}, {"model": "admin.logentry", "pk": 95, "fields": {"action_time": "2019-01-26T07:08:52.968Z", "user": 3, "content_type": 12, "object_id": "21", "object_repr": "\u041d\u043e\u0433\u043e\u043e\u043d \u0448\u043e\u0448\u043d\u044b \u0445\u0430\u043d\u0434\u0442\u0430\u0439 \u0443\u0433\u0430\u0430\u043b\u0433\u044b\u043d \u0448\u0438\u043d\u0433\u044d\u043d\u0438\u0439 \u0437\u0430\u043f\u0430\u0441", "action_flag": 1, "change_message": "[{\"added\": {}}]"}}, {"model": "admin.logentry", "pk": 96, "fields": {"action_time": "2019-01-26T07:09:22.676Z", "user": 3, "content_type": 12, "object_id": "22", "object_repr": "\u041d\u043e\u0433\u043e\u043e\u043d \u0448\u043e\u0448\u043d\u044b \u0445\u0430\u043d\u0434\u0442\u0430\u0439 \u0445\u0443\u0432\u0446\u0430\u0441 \u0437\u0430\u0439\u043b\u0430\u0433\u0447 \u0448\u0438\u043d\u0433\u044d\u043d\u0438\u0439 \u0437\u0430\u043f\u0430\u0441", "action_flag": 1, "change_message": "[{\"added\": {}}]"}}, {"model": "admin.logentry", "pk": 97, "fields": {"action_time": "2019-01-26T07:11:28.905Z", "user": 3, "content_type": 12, "object_id": "23", "object_repr": "\u041b\u0430\u0432\u0430\u043d\u0434\u0430\u0433\u044b\u043d \u0445\u0430\u043d\u0434\u0442\u0430\u0439 \u0443\u0433\u0430\u0430\u043b\u0433\u044b\u043d \u0448\u0438\u043d\u0433\u044d\u043d", "action_flag": 1, "change_message": "[{\"added\": {}}]"}}, {"model": "admin.logentry", "pk": 98, "fields": {"action_time": "2019-01-26T07:12:00.347Z", "user": 3, "content_type": 12, "object_id": "24", "object_repr": "\u041b\u0430\u0432\u0430\u043d\u0434\u0430\u0433\u044b\u043d \u0445\u0430\u043d\u0434\u0442\u0430\u0439 \u0445\u0443\u0432\u0446\u0430\u0441 \u0437\u0430\u0439\u043b\u0430\u0433\u0447", "action_flag": 1, "change_message": "[{\"added\": {}}]"}}, {"model": "admin.logentry", "pk": 99, "fields": {"action_time": "2019-01-26T07:12:29.041Z", "user": 3, "content_type": 12, "object_id": "25", "object_repr": "\u041b\u0430\u0432\u0430\u043d\u0434\u0430\u0433\u044b\u043d \u0445\u0430\u043d\u0434\u0442\u0430\u0439 \u0443\u0433\u0430\u0430\u043b\u0433\u044b\u043d \u0448\u0438\u043d\u0433\u044d\u043d\u0438\u0439 \u0437\u0430\u043f\u0430\u0441", "action_flag": 1, "change_message": "[{\"added\": {}}]"}}, {"model": "admin.logentry", "pk": 100, "fields": {"action_time": "2019-01-26T07:13:01.546Z", "user": 3, "content_type": 12, "object_id": "26", "object_repr": "\u041b\u0430\u0432\u0430\u043d\u0434\u0430\u0433\u044b\u043d \u0445\u0430\u043d\u0434\u0442\u0430\u0439 \u0445\u0443\u0432\u0446\u0430\u0441 \u0437\u0430\u0439\u043b\u0430\u0433\u0447\u0438\u0439\u043d \u0437\u0430\u043f\u0430\u0441", "action_flag": 1, "change_message": "[{\"added\": {}}]"}}, {"model": "admin.logentry", "pk": 101, "fields": {"action_time": "2019-01-26T07:15:59.369Z", "user": 3, "content_type": 12, "object_id": "27", "object_repr": "\u0423\u0434\u0432\u0430\u043b \u0446\u044d\u0446\u0433\u0438\u0439\u043d \u0445\u0430\u043d\u0434\u0442\u0430\u0439 \u0443\u0433\u0430\u0430\u043b\u0433\u044b\u043d \u0448\u0438\u043d\u0433\u044d\u043d", "action_flag": 1, "change_message": "[{\"added\": {}}]"}}, {"model": "admin.logentry", "pk": 102, "fields": {"action_time": "2019-01-26T07:16:31.060Z", "user": 3, "content_type": 12, "object_id": "28", "object_repr": "\u0423\u0434\u0432\u0430\u043b \u0446\u044d\u0446\u0433\u0438\u0439\u043d \u0445\u0430\u043d\u0434\u0442\u0430\u0439 \u0445\u0443\u0432\u0446\u0430\u0441 \u0437\u0430\u0439\u043b\u0430\u0433\u0447", "action_flag": 1, "change_message": "[{\"added\": {}}]"}}, {"model": "admin.logentry", "pk": 103, "fields": {"action_time": "2019-01-26T07:16:58.898Z", "user": 3, "content_type": 12, "object_id": "29", "object_repr": "\u0423\u0434\u0432\u0430\u043b \u0446\u044d\u0446\u0433\u0438\u0439\u043d \u0445\u0430\u043d\u0434\u0442\u0430\u0439 \u0443\u0433\u0430\u0430\u043b\u0433\u044b\u043d \u0448\u0438\u043d\u0433\u044d\u043d\u0438\u0439 \u0437\u0430\u043f\u0430\u0441", "action_flag": 1, "change_message": "[{\"added\": {}}]"}}, {"model": "admin.logentry", "pk": 104, "fields": {"action_time": "2019-01-26T07:18:08.630Z", "user": 3, "content_type": 12, "object_id": "30", "object_repr": "\u0423\u0434\u0432\u0430\u043b \u0446\u044d\u0446\u0433\u0438\u0439\u043d \u0445\u0430\u043d\u0434\u0442\u0430\u0439 \u0445\u0443\u0432\u0446\u0430\u0441 \u0437\u0430\u0439\u043b\u0430\u0433\u0447\u0438\u0439 \u0437\u0430\u043f\u0430\u0441", "action_flag": 1, "change_message": "[{\"added\": {}}]"}}, {"model": "admin.logentry", "pk": 105, "fields": {"action_time": "2019-01-26T07:18:39.868Z", "user": 3, "content_type": 12, "object_id": "31", "object_repr": "\u0411\u0443\u0443\u0434\u0430\u0439\u043d \u0445\u0430\u043d\u0434\u0442\u0430\u0439 \u0443\u0433\u0430\u0430\u043b\u0433\u044b\u043d \u0448\u0438\u043d\u0433\u044d\u043d", "action_flag": 1, "change_message": "[{\"added\": {}}]"}}, {"model": "admin.logentry", "pk": 106, "fields": {"action_time": "2019-01-26T07:19:07.194Z", "user": 3, "content_type": 12, "object_id": "32", "object_repr": "\u0411\u0443\u0443\u0434\u0430\u0439\u043d \u0445\u0430\u043d\u0434\u0442\u0430\u0439 \u0445\u0443\u0432\u0446\u0430\u0441 \u0437\u0430\u0439\u043b\u0430\u0433\u0447", "action_flag": 1, "change_message": "[{\"added\": {}}]"}}, {"model": "admin.logentry", "pk": 107, "fields": {"action_time": "2019-01-26T07:19:35.207Z", "user": 3, "content_type": 12, "object_id": "33", "object_repr": "\u0411\u0443\u0443\u0434\u0430\u0439\u043d \u0445\u0430\u043d\u0434\u0442\u0430\u0439 \u0443\u0433\u0430\u0430\u043b\u0433\u044b\u043d \u0448\u0438\u043d\u0433\u044d\u043d\u0438\u0439 \u0437\u0430\u043f\u0430\u0441", "action_flag": 1, "change_message": "[{\"added\": {}}]"}}, {"model": "admin.logentry", "pk": 108, "fields": {"action_time": "2019-01-26T07:19:58.427Z", "user": 3, "content_type": 12, "object_id": "34", "object_repr": "\u0411\u0443\u0443\u0434\u0430\u0439\u043d \u0445\u0430\u043d\u0434\u0442\u0430\u0439 \u0445\u0443\u0432\u0446\u0430\u0441 \u0437\u0430\u0439\u043b\u0430\u0433\u0447\u0438\u0439 \u0437\u0430\u043f\u0430\u0441", "action_flag": 1, "change_message": "[{\"added\": {}}]"}}, {"model": "admin.logentry", "pk": 109, "fields": {"action_time": "2019-01-26T07:20:42.930Z", "user": 3, "content_type": 12, "object_id": "35", "object_repr": "\u0416\u0438\u043c\u0441\u043d\u0438\u0439 \u0445\u0430\u043d\u0434\u0442\u0430\u0439 \u0443\u0433\u0430\u0430\u043b\u0433\u044b\u043d \u0448\u0438\u043d\u0433\u044d\u043d", "action_flag": 1, "change_message": "[{\"added\": {}}]"}}, {"model": "admin.logentry", "pk": 110, "fields": {"action_time": "2019-01-26T07:51:24.684Z", "user": 3, "content_type": 12, "object_id": "36", "object_repr": "\u0416\u0438\u043c\u0441\u043d\u0438\u0439 \u0445\u0430\u043d\u0434\u0442\u0430\u0439 \u0445\u0443\u0432\u0446\u0430\u0441 \u0437\u0430\u0439\u043b\u0430\u0433\u0447", "action_flag": 1, "change_message": "[{\"added\": {}}]"}}, {"model": "admin.logentry", "pk": 111, "fields": {"action_time": "2019-01-26T07:52:07.489Z", "user": 3, "content_type": 12, "object_id": "36", "object_repr": "\u0416\u0438\u043c\u0441\u043d\u0438\u0439 \u0445\u0430\u043d\u0434\u0442\u0430\u0439 \u0445\u0443\u0432\u0446\u0430\u0441 \u0437\u0430\u0439\u043b\u0430\u0433\u0447", "action_flag": 2, "change_message": "[{\"changed\": {\"fields\": [\"thumbnail\"]}}]"}}, {"model": "admin.logentry", "pk": 112, "fields": {"action_time": "2019-01-26T07:52:18.694Z", "user": 3, "content_type": 12, "object_id": "35", "object_repr": "\u0416\u0438\u043c\u0441\u043d\u0438\u0439 \u0445\u0430\u043d\u0434\u0442\u0430\u0439 \u0443\u0433\u0430\u0430\u043b\u0433\u044b\u043d \u0448\u0438\u043d\u0433\u044d\u043d", "action_flag": 2, "change_message": "[{\"changed\": {\"fields\": [\"thumbnail\"]}}]"}}, {"model": "admin.logentry", "pk": 113, "fields": {"action_time": "2019-01-26T07:52:53.484Z", "user": 3, "content_type": 12, "object_id": "37", "object_repr": "\u0416\u0438\u043c\u0441\u043d\u0438\u0439 \u0445\u0430\u043d\u0434\u0442\u0430\u0439 \u0443\u0433\u0430\u0430\u043b\u0433\u044b\u043d \u0448\u0438\u043d\u0433\u044d\u043d\u0438\u0439 \u0437\u0430\u043f\u0430\u0441", "action_flag": 1, "change_message": "[{\"added\": {}}]"}}, {"model": "admin.logentry", "pk": 114, "fields": {"action_time": "2019-01-26T07:53:16.381Z", "user": 3, "content_type": 12, "object_id": "38", "object_repr": "\u0416\u0438\u043c\u0441\u043d\u0438\u0439 \u0445\u0430\u043d\u0434\u0442\u0430\u0439 \u0445\u0443\u0432\u0446\u0430\u0441 \u0437\u0430\u0439\u043b\u0430\u0433\u0447\u0438\u0439 \u0437\u0430\u043f\u0430\u0441", "action_flag": 1, "change_message": "[{\"added\": {}}]"}}, {"model": "admin.logentry", "pk": 115, "fields": {"action_time": "2019-01-26T07:53:44.095Z", "user": 3, "content_type": 12, "object_id": "34", "object_repr": "\u0411\u0443\u0443\u0434\u0430\u0439\u043d \u0445\u0430\u043d\u0434\u0442\u0430\u0439 \u0445\u0443\u0432\u0446\u0430\u0441 \u0437\u0430\u0439\u043b\u0430\u0433\u0447\u0438\u0439\u043d \u0437\u0430\u043f\u0430\u0441", "action_flag": 2, "change_message": "[{\"changed\": {\"fields\": [\"title\"]}}]"}}, {"model": "admin.logentry", "pk": 116, "fields": {"action_time": "2019-01-26T07:53:50.192Z", "user": 3, "content_type": 12, "object_id": "38", "object_repr": "\u0416\u0438\u043c\u0441\u043d\u0438\u0439 \u0445\u0430\u043d\u0434\u0442\u0430\u0439 \u0445\u0443\u0432\u0446\u0430\u0441 \u0437\u0430\u0439\u043b\u0430\u0433\u0447\u0438\u0439\u043d \u0437\u0430\u043f\u0430\u0441", "action_flag": 2, "change_message": "[{\"changed\": {\"fields\": [\"title\"]}}]"}}, {"model": "admin.logentry", "pk": 117, "fields": {"action_time": "2019-01-26T07:54:01.582Z", "user": 3, "content_type": 12, "object_id": "30", "object_repr": "\u0423\u0434\u0432\u0430\u043b \u0446\u044d\u0446\u0433\u0438\u0439\u043d \u0445\u0430\u043d\u0434\u0442\u0430\u0439 \u0445\u0443\u0432\u0446\u0430\u0441 \u0437\u0430\u0439\u043b\u0430\u0433\u0447\u0438\u0439\u043d \u0437\u0430\u043f\u0430\u0441", "action_flag": 2, "change_message": "[{\"changed\": {\"fields\": [\"title\"]}}]"}}, {"model": "admin.logentry", "pk": 118, "fields": {"action_time": "2019-01-26T07:55:12.740Z", "user": 3, "content_type": 12, "object_id": "39", "object_repr": "\u041d\u043e\u0433\u043e\u043e\u043d\u044b \u0445\u0430\u043d\u0434\u0442\u0430\u0439 \u0443\u0433\u0430\u0430\u043b\u0433\u044b\u043d \u0448\u0438\u043d\u0433\u044d\u043d", "action_flag": 1, "change_message": "[{\"added\": {}}]"}}, {"model": "admin.logentry", "pk": 119, "fields": {"action_time": "2019-01-26T07:56:03.160Z", "user": 3, "content_type": 12, "object_id": "40", "object_repr": "\u041d\u043e\u0433\u043e\u043e\u043d\u044b \u0445\u0430\u043d\u0434\u0442\u0430\u0439 \u0445\u0443\u0432\u0446\u0430\u0441 \u0437\u0430\u0439\u043b\u0430\u0433\u0447", "action_flag": 1, "change_message": "[{\"added\": {}}]"}}, {"model": "admin.logentry", "pk": 120, "fields": {"action_time": "2019-01-26T07:57:07.631Z", "user": 3, "content_type": 12, "object_id": "41", "object_repr": "\u041d\u043e\u0433\u043e\u043e\u043d\u044b \u0445\u0430\u043d\u0434\u0442\u0430\u0439 \u0443\u0433\u0430\u0430\u043b\u0433\u044b\u043d \u0448\u0438\u043d\u0433\u044d\u043d\u0438\u0439 \u0437\u0430\u043f\u0430\u0441", "action_flag": 1, "change_message": "[{\"added\": {}}]"}}, {"model": "admin.logentry", "pk": 121, "fields": {"action_time": "2019-01-26T08:00:10.622Z", "user": 3, "content_type": 12, "object_id": "42", "object_repr": "\u041d\u043e\u0433\u043e\u043e\u043d\u044b \u0445\u0430\u043d\u0434\u0442\u0430\u0439 \u0445\u0443\u0432\u0446\u0430\u0441 \u0437\u0430\u0439\u043b\u0430\u0433\u0447\u0438\u0439\u043d \u0437\u0430\u043f\u0430\u0441", "action_flag": 1, "change_message": "[{\"added\": {}}]"}}, {"model": "admin.logentry", "pk": 122, "fields": {"action_time": "2019-01-26T08:00:11.028Z", "user": 3, "content_type": 12, "object_id": "43", "object_repr": "\u041d\u043e\u0433\u043e\u043e\u043d\u044b \u0445\u0430\u043d\u0434\u0442\u0430\u0439 \u0445\u0443\u0432\u0446\u0430\u0441 \u0437\u0430\u0439\u043b\u0430\u0433\u0447\u0438\u0439\u043d \u0437\u0430\u043f\u0430\u0441", "action_flag": 1, "change_message": "[{\"added\": {}}]"}}, {"model": "admin.logentry", "pk": 123, "fields": {"action_time": "2019-01-26T08:00:43.096Z", "user": 3, "content_type": 12, "object_id": "43", "object_repr": "\u041d\u043e\u0433\u043e\u043e\u043d\u044b \u0445\u0430\u043d\u0434\u0442\u0430\u0439 \u0445\u0443\u0432\u0446\u0430\u0441 \u0437\u0430\u0439\u043b\u0430\u0433\u0447\u0438\u0439\u043d \u0437\u0430\u043f\u0430\u0441", "action_flag": 3, "change_message": ""}}, {"model": "admin.logentry", "pk": 124, "fields": {"action_time": "2019-01-26T08:03:47.657Z", "user": 3, "content_type": 12, "object_id": "14", "object_repr": "Name", "action_flag": 3, "change_message": ""}}, {"model": "admin.logentry", "pk": 125, "fields": {"action_time": "2019-01-26T08:03:47.659Z", "user": 3, "content_type": 12, "object_id": "13", "object_repr": "Baby Soap", "action_flag": 3, "change_message": ""}}, {"model": "admin.logentry", "pk": 126, "fields": {"action_time": "2019-01-26T08:06:16.323Z", "user": 3, "content_type": 10, "object_id": "12", "object_repr": "Dish soap", "action_flag": 1, "change_message": "[{\"added\": {}}]"}}, {"model": "admin.logentry", "pk": 127, "fields": {"action_time": "2019-01-26T08:12:37.045Z", "user": 3, "content_type": 12, "object_id": "44", "object_repr": "\u0425\u04af\u04af\u0445\u0434\u0438\u0439\u043d \u0433\u0430\u0440\u044b\u043d \u0445\u04e9\u04e9\u0441 500\u043c\u043b", "action_flag": 1, "change_message": "[{\"added\": {}}]"}}, {"model": "admin.logentry", "pk": 128, "fields": {"action_time": "2019-01-26T08:12:42.729Z", "user": 3, "content_type": 12, "object_id": "44", "object_repr": "\u0425\u04af\u04af\u0445\u0434\u0438\u0439\u043d \u0433\u0430\u0440\u044b\u043d \u0445\u04e9\u04e9\u0441 500\u043c\u043b", "action_flag": 2, "change_message": "[]"}}, {"model": "admin.logentry", "pk": 129, "fields": {"action_time": "2019-01-26T08:14:37.803Z", "user": 3, "content_type": 12, "object_id": "45", "object_repr": "\u0413\u0430\u0440\u044b\u043d \u0445\u04e9\u04e9\u0441\u043d\u0438\u0439 \u0437\u0430\u043f\u0430\u0441 250\u043c\u043b", "action_flag": 1, "change_message": "[{\"added\": {}}]"}}, {"model": "admin.logentry", "pk": 130, "fields": {"action_time": "2019-01-26T08:14:59.753Z", "user": 3, "content_type": 12, "object_id": "44", "object_repr": "\u0413\u0430\u0440\u044b\u043d \u0445\u04e9\u04e9\u0441 280\u043c\u043b", "action_flag": 2, "change_message": "[{\"changed\": {\"fields\": [\"title\", \"price\"]}}]"}}, {"model": "admin.logentry", "pk": 131, "fields": {"action_time": "2019-01-26T08:15:15.418Z", "user": 3, "content_type": 12, "object_id": "44", "object_repr": "\u0413\u0430\u0440\u044b\u043d \u0445\u04e9\u04e9\u0441 280\u043c\u043b", "action_flag": 2, "change_message": "[]"}}, {"model": "admin.logentry", "pk": 132, "fields": {"action_time": "2019-01-26T08:15:24.889Z", "user": 3, "content_type": 12, "object_id": "45", "object_repr": "\u0413\u0430\u0440\u044b\u043d \u0445\u04e9\u04e9\u0441\u043d\u0438\u0439 \u0437\u0430\u043f\u0430\u0441 250\u043c\u043b", "action_flag": 2, "change_message": "[{\"changed\": {\"fields\": [\"price\"]}}]"}}, {"model": "admin.logentry", "pk": 133, "fields": {"action_time": "2019-01-26T08:15:38.905Z", "user": 3, "content_type": 12, "object_id": "45", "object_repr": "\u0413\u0430\u0440\u044b\u043d \u0445\u04e9\u04e9\u0441\u043d\u0438\u0439 \u0437\u0430\u043f\u0430\u0441 250\u043c\u043b", "action_flag": 2, "change_message": "[{\"changed\": {\"fields\": [\"price\"]}}]"}}, {"model": "admin.logentry", "pk": 134, "fields": {"action_time": "2019-01-26T08:16:42.883Z", "user": 3, "content_type": 12, "object_id": "46", "object_repr": "\u0425\u04af\u04af\u0445\u0434\u0438\u0439\u043d \u0433\u0430\u0440\u044b\u043d \u0445\u04e9\u04e9\u0441 550\u043c\u043b", "action_flag": 1, "change_message": "[{\"added\": {}}]"}}, {"model": "admin.logentry", "pk": 135, "fields": {"action_time": "2019-01-26T08:17:15.072Z", "user": 3, "content_type": 12, "object_id": "47", "object_repr": "\u0425\u04af\u04af\u0445\u0434\u0438\u0439\u043d \u0433\u0430\u0440\u044b\u043d \u0445\u04e9\u04e9\u0441\u043d\u0438\u0439 \u0437\u0430\u043f\u0430\u0441 500\u043c\u043b", "action_flag": 1, "change_message": "[{\"added\": {}}]"}}, {"model": "admin.logentry", "pk": 136, "fields": {"action_time": "2019-01-26T08:27:38.639Z", "user": 3, "content_type": 12, "object_id": "48", "object_repr": "Baby dish detergent 750ml", "action_flag": 1, "change_message": "[{\"added\": {}}]"}}, {"model": "admin.logentry", "pk": 137, "fields": {"action_time": "2019-01-26T08:28:25.121Z", "user": 3, "content_type": 12, "object_id": "49", "object_repr": "Baby dish detergent refill 500ml", "action_flag": 1, "change_message": "[{\"added\": {}}]"}}, {"model": "admin.logentry", "pk": 138, "fields": {"action_time": "2019-01-26T08:29:57.283Z", "user": 3, "content_type": 12, "object_id": "50", "object_repr": "Laundry stain remover spray type 400ml", "action_flag": 1, "change_message": "[{\"added\": {}}]"}}, {"model": "admin.logentry", "pk": 139, "fields": {"action_time": "2019-01-26T08:38:04.072Z", "user": 3, "content_type": 10, "object_id": "13", "object_repr": "Soap", "action_flag": 1, "change_message": "[{\"added\": {}}]"}}, {"model": "admin.logentry", "pk": 140, "fields": {"action_time": "2019-01-26T08:41:34.860Z", "user": 3, "content_type": 10, "object_id": "13", "object_repr": "Soap", "action_flag": 3, "change_message": ""}}, {"model": "admin.logentry", "pk": 141, "fields": {"action_time": "2019-01-26T08:49:04.188Z", "user": 3, "content_type": 12, "object_id": "51", "object_repr": "Baby Bath&Shampoo", "action_flag": 1, "change_message": "[{\"added\": {}}]"}}, {"model": "admin.logentry", "pk": 142, "fields": {"action_time": "2019-01-26T08:50:41.195Z", "user": 3, "content_type": 12, "object_id": "51", "object_repr": "Baby Bath & Shampoo", "action_flag": 2, "change_message": "[{\"changed\": {\"fields\": [\"title\"]}}]"}}, {"model": "admin.logentry", "pk": 143, "fields": {"action_time": "2019-01-26T08:51:27.453Z", "user": 3, "content_type": 12, "object_id": "52", "object_repr": "Baby Lotion", "action_flag": 1, "change_message": "[{\"added\": {}}]"}}, {"model": "admin.logentry", "pk": 144, "fields": {"action_time": "2019-01-26T08:52:02.517Z", "user": 3, "content_type": 12, "object_id": "53", "object_repr": "Baby Cream", "action_flag": 1, "change_message": "[{\"added\": {}}]"}}, {"model": "admin.logentry", "pk": 145, "fields": {"action_time": "2019-01-26T08:54:31.649Z", "user": 3, "content_type": 12, "object_id": "54", "object_repr": "Baby Skincare Set", "action_flag": 1, "change_message": "[{\"added\": {}}]"}}]